Package,LibPath,Version,Priority,Built
abc,/Users/jenny/resources/R/library,2.1,NA,3.5.0
abc.data,/Users/jenny/resources/R/library,1.0,NA,3.5.0
abind,/Users/jenny/resources/R/library,1.4-5,NA,3.5.0
acepack,/Users/jenny/resources/R/library,1.4.1,NA,3.5.0
acss.data,/Users/jenny/resources/R/library,1.0,NA,3.5.0
actuar,/Users/jenny/resources/R/library,2.3-1,NA,3.5.0
ada,/Users/jenny/resources/R/library,2.0-5,NA,3.5.0
additivityTests,/Users/jenny/resources/R/library,1.1-4,NA,3.5.0
ade4,/Users/jenny/resources/R/library,1.7-11,NA,3.5.0
ade4TkGUI,/Users/jenny/resources/R/library,0.2-9,NA,3.5.0
adegenet,/Users/jenny/resources/R/library,2.1.1,NA,3.5.0
adegraphics,/Users/jenny/resources/R/library,1.0-10,NA,3.5.0
adehabitatHR,/Users/jenny/resources/R/library,0.4.15,NA,3.5.0
adehabitatLT,/Users/jenny/resources/R/library,0.3.23,NA,3.5.0
adehabitatMA,/Users/jenny/resources/R/library,0.3.12,NA,3.5.0
adephylo,/Users/jenny/resources/R/library,1.1-11,NA,3.5.0
adfExplorer,/Users/jenny/resources/R/library,0.1.4,NA,3.5.0
ADGofTest,/Users/jenny/resources/R/library,0.3,NA,3.5.0
adlift,/Users/jenny/resources/R/library,1.3-3,NA,3.5.0
AER,/Users/jenny/resources/R/library,1.2-5,NA,3.5.0
agricolae,/Users/jenny/resources/R/library,1.2-8,NA,3.5.0
AICcmodavg,/Users/jenny/resources/R/library,2.1-1,NA,3.5.0
airGR,/Users/jenny/resources/R/library,1.0.10.11,NA,3.5.0
akima,/Users/jenny/resources/R/library,0.6-2,NA,3.5.0
alabama,/Users/jenny/resources/R/library,2015.3-1,NA,3.5.0
AlgDesign,/Users/jenny/resources/R/library,1.1-7.3,NA,3.5.0
alr4,/Users/jenny/resources/R/library,1.0.6,NA,3.5.0
amap,/Users/jenny/resources/R/library,0.8-16,NA,3.5.0
Amelia,/Users/jenny/resources/R/library,1.7.5,NA,3.5.0
analogue,/Users/jenny/resources/R/library,0.17-0,NA,3.5.0
AnalyzeFMRI,/Users/jenny/resources/R/library,1.1-17,NA,3.5.0
animation,/Users/jenny/resources/R/library,2.5,NA,3.5.0
antaresProcessing,/Users/jenny/resources/R/library,0.15.3,NA,3.5.0
antaresRead,/Users/jenny/resources/R/library,2.1.2,NA,3.5.0
Anthropometry,/Users/jenny/resources/R/library,1.10,NA,3.5.0
anytime,/Users/jenny/resources/R/library,0.3.1,NA,3.5.0
aod,/Users/jenny/resources/R/library,1.3,NA,3.5.0
ape,/Users/jenny/resources/R/library,5.1,NA,3.5.0
aplpack,/Users/jenny/resources/R/library,1.3.2,NA,3.5.0
approximator,/Users/jenny/resources/R/library,1.2-6,NA,3.5.0
aqp,/Users/jenny/resources/R/library,1.16,NA,3.5.0
ArchaeoPhases,/Users/jenny/resources/R/library,1.3,NA,3.5.0
archetypes,/Users/jenny/resources/R/library,2.2-0,NA,3.5.0
archivist,/Users/jenny/resources/R/library,2.3.1,NA,3.5.0
argparse,/Users/jenny/resources/R/library,1.1.1,NA,3.5.0
arm,/Users/jenny/resources/R/library,1.10-1,NA,3.5.0
aroma.affymetrix,/Users/jenny/resources/R/library,3.1.1,NA,3.5.0
aroma.apd,/Users/jenny/resources/R/library,0.6.0,NA,3.5.0
aroma.core,/Users/jenny/resources/R/library,3.1.3,NA,3.5.0
arules,/Users/jenny/resources/R/library,1.6-1,NA,3.5.0
aRxiv,/Users/jenny/resources/R/library,0.5.16,NA,3.5.0
ascii,/Users/jenny/resources/R/library,2.1,NA,3.5.0
ash,/Users/jenny/resources/R/library,1.0-15,NA,3.5.0
assertive,/Users/jenny/resources/R/library,0.3-5,NA,3.5.0
assertive.base,/Users/jenny/resources/R/library,0.0-7,NA,3.5.0
assertive.code,/Users/jenny/resources/R/library,0.0-1,NA,3.5.0
assertive.data,/Users/jenny/resources/R/library,0.0-1,NA,3.5.0
assertive.data.uk,/Users/jenny/resources/R/library,0.0-1,NA,3.5.0
assertive.data.us,/Users/jenny/resources/R/library,0.0-1,NA,3.5.0
assertive.datetimes,/Users/jenny/resources/R/library,0.0-2,NA,3.5.0
assertive.files,/Users/jenny/resources/R/library,0.0-2,NA,3.5.0
assertive.matrices,/Users/jenny/resources/R/library,0.0-1,NA,3.5.0
assertive.models,/Users/jenny/resources/R/library,0.0-1,NA,3.5.0
assertive.numbers,/Users/jenny/resources/R/library,0.0-2,NA,3.5.0
assertive.properties,/Users/jenny/resources/R/library,0.0-4,NA,3.5.0
assertive.reflection,/Users/jenny/resources/R/library,0.0-4,NA,3.5.0
assertive.sets,/Users/jenny/resources/R/library,0.0-3,NA,3.5.0
assertive.strings,/Users/jenny/resources/R/library,0.0-3,NA,3.5.0
assertive.types,/Users/jenny/resources/R/library,0.0-3,NA,3.5.0
assertr,/Users/jenny/resources/R/library,2.5,NA,3.5.0
assertthat,/Users/jenny/resources/R/library,0.2.0,NA,3.5.0
async,/Users/jenny/resources/R/library,0.0.0.9003,NA,3.5.0
AUC,/Users/jenny/resources/R/library,0.3.0,NA,3.5.0
audio,/Users/jenny/resources/R/library,0.1-5.1,NA,3.5.0
AWR,/Users/jenny/resources/R/library,1.11.189,NA,3.5.0
aws.alexa,/Users/jenny/resources/R/library,0.1.6,NA,3.5.0
aws.cloudtrail,/Users/jenny/resources/R/library,0.1.5,NA,3.5.0
aws.ec2metadata,/Users/jenny/resources/R/library,0.1.4,NA,3.5.0
aws.iam,/Users/jenny/resources/R/library,0.1.7,NA,3.5.0
aws.lambda,/Users/jenny/resources/R/library,0.1.6,NA,3.5.0
aws.polly,/Users/jenny/resources/R/library,0.1.2,NA,3.5.0
aws.s3,/Users/jenny/resources/R/library,0.3.12,NA,3.5.0
aws.ses,/Users/jenny/resources/R/library,0.1.4,NA,3.5.0
aws.signature,/Users/jenny/resources/R/library,0.4.1,NA,3.5.0
aws.sns,/Users/jenny/resources/R/library,0.1.7,NA,3.5.0
aws.sqs,/Users/jenny/resources/R/library,0.1.10,NA,3.5.0
awsMethods,/Users/jenny/resources/R/library,1.1-0,NA,3.5.0
babynames,/Users/jenny/resources/R/library,0.3.0,NA,3.5.0
backports,/Users/jenny/resources/R/library,1.1.2,NA,3.5.0
bartMachineJARs,/Users/jenny/resources/R/library,1.1,NA,3.5.0
base64,/Users/jenny/resources/R/library,2.0,NA,3.5.0
base64enc,/Users/jenny/resources/R/library,0.1-3,NA,3.5.0
base64url,/Users/jenny/resources/R/library,1.4,NA,3.5.0
BatchExperiments,/Users/jenny/resources/R/library,1.4.2,NA,3.5.0
BatchJobs,/Users/jenny/resources/R/library,1.7,NA,3.5.0
bayesLife,/Users/jenny/resources/R/library,3.2-0,NA,3.5.0
bayesm,/Users/jenny/resources/R/library,3.1-0.1,NA,3.5.0
bayesplot,/Users/jenny/resources/R/library,1.5.0,NA,3.5.0
bayesPop,/Users/jenny/resources/R/library,6.2-4,NA,3.5.0
bayesTFR,/Users/jenny/resources/R/library,6.1-2,NA,3.5.0
BaylorEdPsych,/Users/jenny/resources/R/library,0.5,NA,3.5.0
BB,/Users/jenny/resources/R/library,2014.10-1,NA,3.5.0
BBmisc,/Users/jenny/resources/R/library,1.11,NA,3.5.0
bbmle,/Users/jenny/resources/R/library,1.0.20,NA,3.5.0
Bchron,/Users/jenny/resources/R/library,4.3.0,NA,3.5.0
bdsmatrix,/Users/jenny/resources/R/library,1.3-3,NA,3.5.0
BEACH,/Users/jenny/resources/R/library,1.2.1,NA,3.5.0
beanplot,/Users/jenny/resources/R/library,1.2,NA,3.5.0
BEDMatrix,/Users/jenny/resources/R/library,1.4.0,NA,3.5.0
beeswarm,/Users/jenny/resources/R/library,0.2.3,NA,3.5.0
bench,/Users/jenny/resources/R/library,1.0.1,NA,3.5.1
benchmarkmeData,/Users/jenny/resources/R/library,0.5.1,NA,3.5.0
betareg,/Users/jenny/resources/R/library,3.1-0,NA,3.5.0
BH,/Users/jenny/resources/R/library,1.66.0-1,NA,3.5.0
bibtex,/Users/jenny/resources/R/library,0.4.2,NA,3.5.0
biclust,/Users/jenny/resources/R/library,2.0.1,NA,3.5.0
bigalgebra,/Users/jenny/resources/R/library,0.8.4,NA,3.5.0
biganalytics,/Users/jenny/resources/R/library,1.1.14,NA,3.5.0
biglm,/Users/jenny/resources/R/library,0.9-1,NA,3.5.0
bigmemory,/Users/jenny/resources/R/library,4.5.33,NA,3.5.0
bigmemory.sri,/Users/jenny/resources/R/library,0.1.3,NA,3.5.0
BigQuic,/Users/jenny/resources/R/library,1.1-8,NA,3.5.0
bindr,/Users/jenny/resources/R/library,0.1.1,NA,3.5.0
bindrcpp,/Users/jenny/resources/R/library,0.2.2,NA,3.5.0
binGroup,/Users/jenny/resources/R/library,2.1-1,NA,3.5.0
binom,/Users/jenny/resources/R/library,1.1-1,NA,3.5.0
bio3d,/Users/jenny/resources/R/library,2.3-4,NA,3.5.0
biogram,/Users/jenny/resources/R/library,1.4,NA,3.5.0
bioinactivation,/Users/jenny/resources/R/library,1.2.1,NA,3.5.0
BioInstaller,/Users/jenny/resources/R/library,0.3.3,NA,3.5.0
bit,/Users/jenny/resources/R/library,1.1-14,NA,3.5.0
bit64,/Users/jenny/resources/R/library,0.9-7,NA,3.5.0
bitops,/Users/jenny/resources/R/library,1.0-6,NA,3.5.0
blob,/Users/jenny/resources/R/library,1.1.1,NA,3.5.0
blogdown,/Users/jenny/resources/R/library,0.8.1,NA,3.5.0
BMA,/Users/jenny/resources/R/library,3.18.8,NA,3.5.0
bmp,/Users/jenny/resources/R/library,0.3,NA,3.5.0
bnlearn,/Users/jenny/resources/R/library,4.3,NA,3.5.0
boa,/Users/jenny/resources/R/library,1.1.8-2,NA,3.5.0
bold,/Users/jenny/resources/R/library,0.5.0,NA,3.5.0
Bolstad2,/Users/jenny/resources/R/library,1.0-28,NA,3.5.0
bookdown,/Users/jenny/resources/R/library,0.7,NA,3.5.0
bootstrap,/Users/jenny/resources/R/library,2017.2,NA,3.5.0
bpcp,/Users/jenny/resources/R/library,1.3.4,NA,3.5.0
brew,/Users/jenny/resources/R/library,1.0-6,NA,3.5.0
brglm,/Users/jenny/resources/R/library,0.6.1,NA,3.5.0
bridgesampling,/Users/jenny/resources/R/library,0.4-0,NA,3.5.0
Brobdingnag,/Users/jenny/resources/R/library,1.2-5,NA,3.5.0
broman,/Users/jenny/resources/R/library,0.67-4,NA,3.5.0
broom,/Users/jenny/resources/R/library,0.4.4,NA,3.5.0
brranching,/Users/jenny/resources/R/library,0.3.0,NA,3.5.0
btergm,/Users/jenny/resources/R/library,1.9.1,NA,3.5.0
c3net,/Users/jenny/resources/R/library,1.1.1,NA,3.5.0
ca,/Users/jenny/resources/R/library,0.70,NA,3.5.0
Cairo,/Users/jenny/resources/R/library,1.5-9,NA,3.5.0
calibrator,/Users/jenny/resources/R/library,1.2-6,NA,3.5.0
callr,/Users/jenny/resources/R/library,3.0.0.9000,NA,3.5.1
candisc,/Users/jenny/resources/R/library,0.8-0,NA,3.5.0
car,/Users/jenny/resources/R/library,3.0-0,NA,3.5.0
carData,/Users/jenny/resources/R/library,3.0-1,NA,3.5.0
caret,/Users/jenny/resources/R/library,6.0-80,NA,3.5.0
catdata,/Users/jenny/resources/R/library,1.2.1,NA,3.5.0
caTools,/Users/jenny/resources/R/library,1.17.1,NA,3.5.0
cba,/Users/jenny/resources/R/library,0.2-19,NA,3.5.0
CDM,/Users/jenny/resources/R/library,6.3-45,NA,3.5.0
cellranger,/Users/jenny/resources/R/library,1.1.0,NA,3.5.0
changepoint,/Users/jenny/resources/R/library,2.2.2,NA,3.5.0
checkmate,/Users/jenny/resources/R/library,1.8.5,NA,3.5.0
chemometrics,/Users/jenny/resources/R/library,1.4.2,NA,3.5.0
chron,/Users/jenny/resources/R/library,2.3-52,NA,3.5.0
circlize,/Users/jenny/resources/R/library,0.4.4,NA,3.5.0
CircStats,/Users/jenny/resources/R/library,0.2-4,NA,3.5.0
circular,/Users/jenny/resources/R/library,0.4-93,NA,3.5.0
cladoRcpp,/Users/jenny/resources/R/library,0.14.4,NA,3.5.0
classInt,/Users/jenny/resources/R/library,0.2-3,NA,3.5.0
cli,/Users/jenny/resources/R/library,1.0.0.9002,NA,3.5.1
clinfun,/Users/jenny/resources/R/library,1.0.15,NA,3.5.0
clipr,/Users/jenny/resources/R/library,0.4.1,NA,3.5.0
clisymbols,/Users/jenny/resources/R/library,1.2.0,NA,3.5.0
clue,/Users/jenny/resources/R/library,0.3-55,NA,3.5.0
clusterGeneration,/Users/jenny/resources/R/library,1.3.4,NA,3.5.0
clv,/Users/jenny/resources/R/library,0.3-2.1,NA,3.5.0
cmprsk,/Users/jenny/resources/R/library,2.2-7,NA,3.5.0
coda,/Users/jenny/resources/R/library,0.19-1,NA,3.5.0
coin,/Users/jenny/resources/R/library,1.2-2,NA,3.5.0
colorRamps,/Users/jenny/resources/R/library,2.3,NA,3.5.0
colorspace,/Users/jenny/resources/R/library,1.3-2,NA,3.5.0
colourpicker,/Users/jenny/resources/R/library,1.0,NA,3.5.0
combinat,/Users/jenny/resources/R/library,0.0-8,NA,3.5.0
commonmark,/Users/jenny/resources/R/library,1.5,NA,3.5.0
compare,/Users/jenny/resources/R/library,0.2-6,NA,3.5.0
complexplus,/Users/jenny/resources/R/library,2.1,NA,3.5.0
compositions,/Users/jenny/resources/R/library,1.40-2,NA,3.5.0
CompQuadForm,/Users/jenny/resources/R/library,1.4.3,NA,3.5.0
condvis,/Users/jenny/resources/R/library,0.4-2,NA,3.5.0
coneproj,/Users/jenny/resources/R/library,1.14,NA,3.5.0
configr,/Users/jenny/resources/R/library,0.3.3,NA,3.5.0
conflicted,/Users/jenny/resources/R/library,1.0.0,NA,3.5.1
contfrac,/Users/jenny/resources/R/library,1.1-12,NA,3.5.0
copula,/Users/jenny/resources/R/library,0.999-18,NA,3.5.0
CORElearn,/Users/jenny/resources/R/library,1.52.1,NA,3.5.0
corpcor,/Users/jenny/resources/R/library,1.6.9,NA,3.5.0
corrgram,/Users/jenny/resources/R/library,1.12,NA,3.5.0
corrplot,/Users/jenny/resources/R/library,0.84,NA,3.5.0
countrycode,/Users/jenny/resources/R/library,1.00.0,NA,3.5.0
covr,/Users/jenny/resources/R/library,3.1.0,NA,3.5.1
cowplot,/Users/jenny/resources/R/library,0.9.2,NA,3.5.0
coxme,/Users/jenny/resources/R/library,2.2-10,optional,3.5.0
cramer,/Users/jenny/resources/R/library,0.9-1,NA,3.5.0
crancache,/Users/jenny/resources/R/library,0.0.0.9000,NA,3.5.1
cranlike,/Users/jenny/resources/R/library,1.0.1.9001,NA,3.5.1
cranlogs,/Users/jenny/resources/R/library,2.1.0,NA,3.5.0
crayon,/Users/jenny/resources/R/library,1.3.4,NA,3.5.0
crminer,/Users/jenny/resources/R/library,0.1.4,NA,3.5.0
crochet,/Users/jenny/resources/R/library,2.0.1,NA,3.5.0
crosstalk,/Users/jenny/resources/R/library,1.0.0,NA,3.5.0
crul,/Users/jenny/resources/R/library,0.5.2,NA,3.5.0
cshapes,/Users/jenny/resources/R/library,0.6,NA,3.5.0
csvy,/Users/jenny/resources/R/library,0.1.3,NA,3.5.0
ctv,/Users/jenny/resources/R/library,0.8-5,NA,3.5.0
cubature,/Users/jenny/resources/R/library,1.4,NA,3.5.0
curl,/Users/jenny/resources/R/library,3.2,NA,3.5.0
CVST,/Users/jenny/resources/R/library,0.2-2,NA,3.5.0
cyclocomp,/Users/jenny/resources/R/library,1.1.0,NA,3.5.0
d3heatmap,/Users/jenny/resources/R/library,0.6.1.2,NA,3.5.0
DAAG,/Users/jenny/resources/R/library,1.22,NA,3.5.0
dae,/Users/jenny/resources/R/library,3.0-16,NA,3.5.0
daff,/Users/jenny/resources/R/library,0.3.0,NA,3.5.0
dagitty,/Users/jenny/resources/R/library,0.2-2,NA,3.5.0
data.table,/Users/jenny/resources/R/library,1.11.4,NA,3.5.0
data.tree,/Users/jenny/resources/R/library,0.7.6,NA,3.5.0
datapasta,/Users/jenny/resources/R/library,3.0.0,NA,3.5.0
datasauRus,/Users/jenny/resources/R/library,0.1.2,NA,3.5.0
DBI,/Users/jenny/resources/R/library,1.0.0,NA,3.5.0
DBItest,/Users/jenny/resources/R/library,1.5-2,NA,3.5.0
dbplyr,/Users/jenny/resources/R/library,1.2.1,NA,3.5.0
dbscan,/Users/jenny/resources/R/library,1.1-2,NA,3.5.0
dcurver,/Users/jenny/resources/R/library,0.9.1,NA,3.5.0
ddalpha,/Users/jenny/resources/R/library,1.3.4,NA,3.5.0
ddpcr,/Users/jenny/resources/R/library,1.9,NA,3.5.0
debugme,/Users/jenny/resources/R/library,1.1.0,NA,3.5.0
degreenet,/Users/jenny/resources/R/library,1.3-3,NA,3.5.0
deldir,/Users/jenny/resources/R/library,0.1-15,NA,3.5.0
dendextend,/Users/jenny/resources/R/library,1.8.0,NA,3.5.0
dendroextras,/Users/jenny/resources/R/library,0.2.3,NA,3.5.0
DendSer,/Users/jenny/resources/R/library,1.0.1,NA,3.5.0
DEoptim,/Users/jenny/resources/R/library,2.2-4,NA,3.5.0
DEoptimR,/Users/jenny/resources/R/library,1.0-8,NA,3.5.0
deparse,/Users/jenny/resources/R/library,0.0-1,NA,3.5.0
depth,/Users/jenny/resources/R/library,2.1-1,NA,3.5.0
Deriv,/Users/jenny/resources/R/library,3.8.5,NA,3.5.0
desc,/Users/jenny/resources/R/library,1.2.0,NA,3.5.1
descr,/Users/jenny/resources/R/library,1.1.4,NA,3.5.0
DescTools,/Users/jenny/resources/R/library,0.99.24,NA,3.5.0
deSolve,/Users/jenny/resources/R/library,1.21,NA,3.5.0
devtools,/Users/jenny/resources/R/library,1.13.6.9000,NA,3.5.1
dfcrm,/Users/jenny/resources/R/library,0.2-2,NA,3.5.0
dfoptim,/Users/jenny/resources/R/library,2018.2-1,NA,3.5.0
DHARMa,/Users/jenny/resources/R/library,0.2.0,NA,3.5.0
diagram,/Users/jenny/resources/R/library,1.6.4,NA,3.5.0
DiagrammeR,/Users/jenny/resources/R/library,1.0.0,NA,3.5.0
DiagrammeRsvg,/Users/jenny/resources/R/library,0.1,NA,3.5.0
dichromat,/Users/jenny/resources/R/library,2.0-0,NA,3.5.0
diffobj,/Users/jenny/resources/R/library,0.1.10,NA,3.5.0
diffr,/Users/jenny/resources/R/library,0.1,NA,3.5.0
digest,/Users/jenny/resources/R/library,0.6.16,NA,3.5.0
dimRed,/Users/jenny/resources/R/library,0.1.0,NA,3.5.0
diptest,/Users/jenny/resources/R/library,0.75-7,NA,3.5.0
directlabels,/Users/jenny/resources/R/library,2018.05.22,NA,3.5.0
DiscreteWeibull,/Users/jenny/resources/R/library,1.1,NA,3.5.0
discretization,/Users/jenny/resources/R/library,1.0-1,NA,3.5.0
dismo,/Users/jenny/resources/R/library,1.1-4,NA,3.5.0
DISTRIB,/Users/jenny/resources/R/library,1.0,NA,3.5.0
DistributionUtils,/Users/jenny/resources/R/library,0.5-1,NA,3.5.0
diveMove,/Users/jenny/resources/R/library,1.4.4,NA,3.5.0
dlm,/Users/jenny/resources/R/library,1.1-5,NA,3.5.0
dlstats,/Users/jenny/resources/R/library,0.1.0,NA,3.5.0
doBy,/Users/jenny/resources/R/library,4.6-1,NA,3.5.0
dodgr,/Users/jenny/resources/R/library,0.0.3,NA,3.5.0
doParallel,/Users/jenny/resources/R/library,1.0.11,NA,3.5.0
doRedis,/Users/jenny/resources/R/library,1.1.1,NA,3.5.0
doRNG,/Users/jenny/resources/R/library,1.7.1,NA,3.5.0
DoseFinding,/Users/jenny/resources/R/library,0.9-16,NA,3.5.0
dotCall64,/Users/jenny/resources/R/library,0.9-5.2,NA,3.5.0
downloader,/Users/jenny/resources/R/library,0.4,NA,3.5.0
dplyr,/Users/jenny/resources/R/library,0.7.99.9000,NA,3.5.1
drc,/Users/jenny/resources/R/library,3.0-1,NA,3.5.0
drgee,/Users/jenny/resources/R/library,1.1.6,NA,3.5.0
DRR,/Users/jenny/resources/R/library,0.0.3,NA,3.5.0
DT,/Users/jenny/resources/R/library,0.4,NA,3.5.0
dtplyr,/Users/jenny/resources/R/library,0.0.2,NA,3.5.0
dummies,/Users/jenny/resources/R/library,1.5.6,NA,3.5.0
dummy,/Users/jenny/resources/R/library,0.1.3,NA,3.5.0
dunn.test,/Users/jenny/resources/R/library,1.3.5,NA,3.5.0
DWreg,/Users/jenny/resources/R/library,2.0,NA,3.5.0
dygraphs,/Users/jenny/resources/R/library,1.1.1.5,NA,3.5.0
dynamicTreeCut,/Users/jenny/resources/R/library,1.63-1,NA,3.5.0
dynlm,/Users/jenny/resources/R/library,0.3-5,NA,3.5.0
e1071,/Users/jenny/resources/R/library,1.6-8,NA,3.5.0
earth,/Users/jenny/resources/R/library,4.6.3,NA,3.5.0
EbayesThresh,/Users/jenny/resources/R/library,1.4-12,NA,3.5.0
Ecdat,/Users/jenny/resources/R/library,0.3-1,NA,3.5.0
Ecfun,/Users/jenny/resources/R/library,0.1-7,NA,3.5.0
ecodist,/Users/jenny/resources/R/library,2.0.1,NA,3.5.0
EDISON,/Users/jenny/resources/R/library,1.1.1,NA,3.5.0
effects,/Users/jenny/resources/R/library,4.0-2,NA,3.5.0
elastic,/Users/jenny/resources/R/library,0.8.4,NA,3.5.0
elasticnet,/Users/jenny/resources/R/library,1.1,NA,3.5.0
ellipse,/Users/jenny/resources/R/library,0.4.1,NA,3.5.0
elliptic,/Users/jenny/resources/R/library,1.3-7,NA,3.5.0
emdbook,/Users/jenny/resources/R/library,1.3.10,NA,3.5.0
emmeans,/Users/jenny/resources/R/library,1.2.2,NA,3.5.0
emo,/Users/jenny/resources/R/library,0.0.0.9000,NA,3.5.0
emojifont,/Users/jenny/resources/R/library,0.5.2,NA,3.5.0
emplik,/Users/jenny/resources/R/library,1.0-3,NA,3.5.0
emulator,/Users/jenny/resources/R/library,1.2-17,NA,3.5.0
enc,/Users/jenny/resources/R/library,0.2.0,NA,3.5.0
energy,/Users/jenny/resources/R/library,1.7-4,NA,3.5.0
ensurer,/Users/jenny/resources/R/library,1.1,NA,3.5.0
entropy,/Users/jenny/resources/R/library,1.2.1,NA,3.5.0
EnvStats,/Users/jenny/resources/R/library,2.3.0,NA,3.5.0
Epi,/Users/jenny/resources/R/library,2.30,NA,3.5.0
EpiModel,/Users/jenny/resources/R/library,1.6.5,NA,3.5.0
erah,/Users/jenny/resources/R/library,1.0.5,NA,3.5.0
erer,/Users/jenny/resources/R/library,2.5,NA,3.5.0
ergm,/Users/jenny/resources/R/library,3.8.0,NA,3.5.0
ergm.count,/Users/jenny/resources/R/library,3.2.2,NA,3.5.0
ergm.userterms,/Users/jenny/resources/R/library,3.1.1,NA,3.5.0
estimability,/Users/jenny/resources/R/library,1.3,NA,3.5.0
etm,/Users/jenny/resources/R/library,0.6-2.1,NA,3.5.0
etrunct,/Users/jenny/resources/R/library,0.1,NA,3.5.0
evaluate,/Users/jenny/resources/R/library,0.11,NA,3.5.1
evd,/Users/jenny/resources/R/library,2.3-3,NA,3.5.0
exact2x2,/Users/jenny/resources/R/library,1.6.2,NA,3.5.0
exactci,/Users/jenny/resources/R/library,1.3-3,NA,3.5.0
excelgesis,/Users/jenny/resources/R/library,0.0.0.9000,NA,3.5.0
expint,/Users/jenny/resources/R/library,0.1-5,NA,3.5.0
expm,/Users/jenny/resources/R/library,0.999-2,NA,3.5.0
extraDistr,/Users/jenny/resources/R/library,1.8.9,NA,3.5.0
extrafont,/Users/jenny/resources/R/library,0.17,NA,3.5.0
extrafontdb,/Users/jenny/resources/R/library,1.0,NA,3.5.0
factoextra,/Users/jenny/resources/R/library,1.0.5,NA,3.5.0
FactoMineR,/Users/jenny/resources/R/library,1.41,NA,3.5.0
Fahrmeir,/Users/jenny/resources/R/library,2016.5.31,NA,3.5.0
fail,/Users/jenny/resources/R/library,1.3,NA,3.5.0
fansi,/Users/jenny/resources/R/library,0.3.0,NA,3.5.0
faraway,/Users/jenny/resources/R/library,1.0.7,NA,3.5.0
fastICA,/Users/jenny/resources/R/library,1.2-1,NA,3.5.0
fastmatch,/Users/jenny/resources/R/library,1.1-0,NA,3.5.0
fBasics,/Users/jenny/resources/R/library,3042.89,NA,3.5.0
FD,/Users/jenny/resources/R/library,1.0-12,NA,3.5.0
fda,/Users/jenny/resources/R/library,2.4.7,NA,3.5.0
fdrtool,/Users/jenny/resources/R/library,1.2.15,NA,3.5.0
feather,/Users/jenny/resources/R/library,0.3.1,NA,3.5.0
fExtremes,/Users/jenny/resources/R/library,3042.82,NA,3.5.0
ff,/Users/jenny/resources/R/library,2.2-14,NA,3.5.0
ffbase,/Users/jenny/resources/R/library,0.12.3,NA,3.5.0
fftwtools,/Users/jenny/resources/R/library,0.9-8,NA,3.5.0
fGarch,/Users/jenny/resources/R/library,3042.83,NA,3.5.0
fgui,/Users/jenny/resources/R/library,1.0-8,NA,3.5.0
fields,/Users/jenny/resources/R/library,9.6,NA,3.5.0
filehash,/Users/jenny/resources/R/library,2.4-1,NA,3.5.0
filehashSQLite,/Users/jenny/resources/R/library,0.2-4,NA,3.5.0
filelock,/Users/jenny/resources/R/library,1.0.1,NA,3.5.0
filematrix,/Users/jenny/resources/R/library,1.3,NA,3.5.0
filesstrings,/Users/jenny/resources/R/library,2.5.0,NA,3.5.0
findpython,/Users/jenny/resources/R/library,1.0.3,NA,3.5.0
fit.models,/Users/jenny/resources/R/library,0.5-14,NA,3.5.0
fitdistrplus,/Users/jenny/resources/R/library,1.0-9,NA,3.5.0
flashClust,/Users/jenny/resources/R/library,1.01-2,NA,3.5.0
flexclust,/Users/jenny/resources/R/library,1.3-5,NA,3.5.0
flexdashboard,/Users/jenny/resources/R/library,0.5.1.1,NA,3.5.0
flexmix,/Users/jenny/resources/R/library,2.3-14,NA,3.5.0
flexsurv,/Users/jenny/resources/R/library,1.1,NA,3.5.0
flock,/Users/jenny/resources/R/library,0.7,NA,3.5.0
FME,/Users/jenny/resources/R/library,1.3.5,NA,3.5.0
fmri,/Users/jenny/resources/R/library,1.7-2,NA,3.5.0
FMStable,/Users/jenny/resources/R/library,0.1-2,NA,3.5.0
FNN,/Users/jenny/resources/R/library,1.1,NA,3.5.0
foghorn,/Users/jenny/resources/R/library,1.0.2,NA,3.5.0
fontBitstreamVera,/Users/jenny/resources/R/library,0.1.1,NA,3.5.0
fontcm,/Users/jenny/resources/R/library,1.1,NA,3.5.0
fontLiberation,/Users/jenny/resources/R/library,0.1.0,NA,3.5.0
fontquiver,/Users/jenny/resources/R/library,0.2.1,NA,3.5.0
forcats,/Users/jenny/resources/R/library,0.3.0,NA,3.5.0
foreach,/Users/jenny/resources/R/library,1.4.4,NA,3.5.0
forecast,/Users/jenny/resources/R/library,8.4,NA,3.5.0
forestplot,/Users/jenny/resources/R/library,1.7.2,NA,3.5.0
formatR,/Users/jenny/resources/R/library,1.5,NA,3.5.0
formattable,/Users/jenny/resources/R/library,0.2.0.1,NA,3.5.0
Formula,/Users/jenny/resources/R/library,1.2-3,NA,3.5.0
fortunes,/Users/jenny/resources/R/library,1.5-4,NA,3.5.0
fpc,/Users/jenny/resources/R/library,2.1-11,NA,3.5.0
fracdiff,/Users/jenny/resources/R/library,1.4-2,NA,3.5.0
fractal,/Users/jenny/resources/R/library,2.0-4,NA,3.5.0
fractaldim,/Users/jenny/resources/R/library,0.8-4,NA,3.5.0
franc,/Users/jenny/resources/R/library,1.1.1,NA,3.5.0
fs,/Users/jenny/resources/R/library,1.2.6.9000,NA,3.5.1
FSelector,/Users/jenny/resources/R/library,0.31,NA,3.5.0
fTrading,/Users/jenny/resources/R/library,3042.79,NA,3.5.0
fts,/Users/jenny/resources/R/library,0.9.9,NA,3.5.0
fulltext,/Users/jenny/resources/R/library,1.0.1,NA,3.5.0
futile.logger,/Users/jenny/resources/R/library,1.4.3,NA,3.5.0
futile.options,/Users/jenny/resources/R/library,1.0.1,NA,3.5.0
future,/Users/jenny/resources/R/library,1.8.1,NA,3.5.0
future.apply,/Users/jenny/resources/R/library,1.0.0,NA,3.5.0
fuzzyjoin,/Users/jenny/resources/R/library,0.1.4,NA,3.5.0
FuzzyNumbers,/Users/jenny/resources/R/library,0.4-2,NA,3.5.0
fuzzyRankTests,/Users/jenny/resources/R/library,0.3-10,NA,3.5.0
GA,/Users/jenny/resources/R/library,3.1.1,NA,3.5.0
gam,/Users/jenny/resources/R/library,1.15,NA,3.5.0
gamboostLSS,/Users/jenny/resources/R/library,2.0-1,NA,3.5.0
gamlss,/Users/jenny/resources/R/library,5.1-0,NA,3.5.0
gamlss.cens,/Users/jenny/resources/R/library,5.0-1,NA,3.5.0
gamlss.data,/Users/jenny/resources/R/library,5.0-1,NA,3.5.0
gamlss.dist,/Users/jenny/resources/R/library,5.0-6,NA,3.5.0
gamm4,/Users/jenny/resources/R/library,0.2-5,NA,3.5.0
gap,/Users/jenny/resources/R/library,1.1-22,NA,3.5.0
gapminder,/Users/jenny/resources/R/library,0.3.0,NA,3.5.0
gargle,/Users/jenny/resources/R/library,0.0.0.9000,NA,3.5.0
gbm,/Users/jenny/resources/R/library,2.1.3,NA,3.5.0
gbRd,/Users/jenny/resources/R/library,0.4-11,NA,3.5.0
gclus,/Users/jenny/resources/R/library,1.3.1,NA,3.5.0
gdalUtils,/Users/jenny/resources/R/library,2.0.1.14,NA,3.5.0
gdata,/Users/jenny/resources/R/library,2.18.0,NA,3.5.0
GDINA,/Users/jenny/resources/R/library,2.1.15,NA,3.5.0
gdtools,/Users/jenny/resources/R/library,0.1.7,NA,3.5.0
gee,/Users/jenny/resources/R/library,4.13-19,NA,3.5.0
geepack,/Users/jenny/resources/R/library,1.2-1,NA,3.5.0
geiger,/Users/jenny/resources/R/library,2.0.6,NA,3.5.0
genalg,/Users/jenny/resources/R/library,0.2.0,NA,3.5.0
GenBinomApps,/Users/jenny/resources/R/library,1.0-2,NA,3.5.0
gender,/Users/jenny/resources/R/library,0.5.2,NA,3.5.0
GeneNet,/Users/jenny/resources/R/library,1.2.13,NA,3.5.0
GeneralizedHyperbolic,/Users/jenny/resources/R/library,0.8-4,NA,3.5.0
GenOrd,/Users/jenny/resources/R/library,1.4.0,NA,3.5.0
geojson,/Users/jenny/resources/R/library,0.2.0,NA,3.5.0
geojsonio,/Users/jenny/resources/R/library,0.6.0,NA,3.5.0
geojsonlint,/Users/jenny/resources/R/library,0.2.0,NA,3.5.0
geometry,/Users/jenny/resources/R/library,0.3-6,NA,3.5.0
geomorph,/Users/jenny/resources/R/library,3.0.6,NA,3.5.0
geonames,/Users/jenny/resources/R/library,0.998,NA,3.5.0
geoR,/Users/jenny/resources/R/library,1.7-5.2,NA,3.5.0
geosphere,/Users/jenny/resources/R/library,1.5-7,NA,3.5.0
GERGM,/Users/jenny/resources/R/library,0.13.0,NA,3.5.0
getopt,/Users/jenny/resources/R/library,1.20.2,NA,3.5.0
getPass,/Users/jenny/resources/R/library,0.2-2,NA,3.5.0
GGally,/Users/jenny/resources/R/library,1.4.0,NA,3.5.0
ggalt,/Users/jenny/resources/R/library,0.4.0,NA,3.5.0
ggbeeswarm,/Users/jenny/resources/R/library,0.6.0,NA,3.5.0
ggdendro,/Users/jenny/resources/R/library,0.1-20,NA,3.5.0
ggExtra,/Users/jenny/resources/R/library,0.8,NA,3.5.0
ggforce,/Users/jenny/resources/R/library,0.1.2,NA,3.5.0
ggformula,/Users/jenny/resources/R/library,0.8.0,NA,3.5.0
ggfortify,/Users/jenny/resources/R/library,0.4.5,NA,3.5.0
ggjoy,/Users/jenny/resources/R/library,0.4.1,NA,3.5.0
ggm,/Users/jenny/resources/R/library,2.3,NA,3.5.0
ggmap,/Users/jenny/resources/R/library,2.6.1,NA,3.5.0
ggmosaic,/Users/jenny/resources/R/library,0.1.2,NA,3.5.0
ggplot2,/Users/jenny/resources/R/library,3.0.0,NA,3.5.0
ggplot2movies,/Users/jenny/resources/R/library,0.0.1,NA,3.5.0
ggplotify,/Users/jenny/resources/R/library,0.0.2,NA,3.5.0
ggpubr,/Users/jenny/resources/R/library,0.1.7,NA,3.5.0
ggraph,/Users/jenny/resources/R/library,1.0.1,NA,3.5.0
ggrepel,/Users/jenny/resources/R/library,0.8.0,NA,3.5.0
ggridges,/Users/jenny/resources/R/library,0.5.0,NA,3.5.0
ggsci,/Users/jenny/resources/R/library,2.9,NA,3.5.0
ggsignif,/Users/jenny/resources/R/library,0.4.0,NA,3.5.0
ggthemes,/Users/jenny/resources/R/library,3.5.0,NA,3.5.0
gh,/Users/jenny/resources/R/library,1.0.1,NA,3.5.1
GIGrvg,/Users/jenny/resources/R/library,0.5,NA,3.5.0
GISTools,/Users/jenny/resources/R/library,0.7-4,NA,3.5.0
gistr,/Users/jenny/resources/R/library,0.4.2,NA,3.5.0
git2r,/Users/jenny/resources/R/library,0.23.0,NA,3.5.1
githubinstall,/Users/jenny/resources/R/library,0.2.2,NA,3.5.0
gitlabr,/Users/jenny/resources/R/library,0.9,NA,3.5.0
glm2,/Users/jenny/resources/R/library,1.2,NA,3.5.0
glmmTMB,/Users/jenny/resources/R/library,0.2.1.0,NA,3.5.0
glmnet,/Users/jenny/resources/R/library,2.0-16,NA,3.5.0
GlobalOptions,/Users/jenny/resources/R/library,0.1.0,NA,3.5.0
globals,/Users/jenny/resources/R/library,0.12.1,NA,3.5.0
glue,/Users/jenny/resources/R/library,1.3.0,NA,3.5.1
gmailr,/Users/jenny/resources/R/library,0.7.1,NA,3.5.0
gmm,/Users/jenny/resources/R/library,1.6-2,NA,3.5.0
gmodels,/Users/jenny/resources/R/library,2.18.1,NA,3.5.0
gmp,/Users/jenny/resources/R/library,0.5-13.1,NA,3.5.0
gnm,/Users/jenny/resources/R/library,1.1-0,NA,3.5.0
gof,/Users/jenny/resources/R/library,0.9.1,NA,3.5.0
goftest,/Users/jenny/resources/R/library,1.1-1,NA,3.5.0
goodpractice,/Users/jenny/resources/R/library,1.0.2,NA,3.5.0
googleAuthR,/Users/jenny/resources/R/library,0.6.3,NA,3.5.0
googleCloudStorageR,/Users/jenny/resources/R/library,0.4.0,NA,3.5.0
googledrive,/Users/jenny/resources/R/library,0.1.1,NA,3.5.0
googleformr,/Users/jenny/resources/R/library,0.0.3,NA,3.5.0
googlesheets,/Users/jenny/resources/R/library,0.3.0,NA,3.5.0
googlesheets4,/Users/jenny/resources/R/library,0.0.0.9000,NA,3.5.0
googleVis,/Users/jenny/resources/R/library,0.6.2,NA,3.5.0
gower,/Users/jenny/resources/R/library,0.1.2,NA,3.5.0
GPArotation,/Users/jenny/resources/R/library,2014.11-1,NA,3.5.0
gpg,/Users/jenny/resources/R/library,0.5,NA,3.5.0
gplots,/Users/jenny/resources/R/library,3.0.1,NA,3.5.0
gRbase,/Users/jenny/resources/R/library,1.8-3,NA,3.5.0
gridBase,/Users/jenny/resources/R/library,0.4-7,NA,3.5.0
gridExtra,/Users/jenny/resources/R/library,2.3,NA,3.5.0
gridGraphics,/Users/jenny/resources/R/library,0.3-0,NA,3.5.0
gridSVG,/Users/jenny/resources/R/library,1.6-0,NA,3.5.0
grImport,/Users/jenny/resources/R/library,0.9-1,NA,3.5.0
grnn,/Users/jenny/resources/R/library,0.1.0,NA,3.5.0
grpreg,/Users/jenny/resources/R/library,3.1-4,NA,3.5.0
gsl,/Users/jenny/resources/R/library,1.9-10.3,NA,3.5.0
gss,/Users/jenny/resources/R/library,2.1-9,NA,3.5.0
gstat,/Users/jenny/resources/R/library,1.1-6,NA,3.5.0
gsubfn,/Users/jenny/resources/R/library,0.7,NA,3.5.0
gtable,/Users/jenny/resources/R/library,0.2.0,NA,3.5.0
gtools,/Users/jenny/resources/R/library,3.8.1,NA,3.5.0
gutenbergr,/Users/jenny/resources/R/library,0.1.4,NA,3.5.0
gWidgets,/Users/jenny/resources/R/library,0.0-54,NA,3.5.0
gWidgets2,/Users/jenny/resources/R/library,1.0-7,NA,3.5.0
gWidgets2tcltk,/Users/jenny/resources/R/library,1.0-5,NA,3.5.0
haplo.stats,/Users/jenny/resources/R/library,1.7.9,NA,3.5.0
haven,/Users/jenny/resources/R/library,1.1.2,NA,3.5.0
HDInterval,/Users/jenny/resources/R/library,0.2.0,NA,3.5.0
hdrcde,/Users/jenny/resources/R/library,3.2,NA,3.5.0
heatmaply,/Users/jenny/resources/R/library,0.15.0,NA,3.5.0
heplots,/Users/jenny/resources/R/library,1.3-5,NA,3.5.0
here,/Users/jenny/resources/R/library,0.1,NA,3.5.0
hett,/Users/jenny/resources/R/library,0.3-2,NA,3.5.0
hexbin,/Users/jenny/resources/R/library,1.27.2,NA,3.5.0
hflights,/Users/jenny/resources/R/library,0.1,NA,3.5.0
HI,/Users/jenny/resources/R/library,0.4,NA,3.5.0
HIBPwned,/Users/jenny/resources/R/library,0.1.7,NA,3.5.0
HiClimR,/Users/jenny/resources/R/library,1.2.3,NA,3.5.0
highlight,/Users/jenny/resources/R/library,0.4.7.2,NA,3.5.0
highlite,/Users/jenny/resources/R/library,0.0.0.9000,NA,3.5.0
highr,/Users/jenny/resources/R/library,0.7,NA,3.5.0
Hmisc,/Users/jenny/resources/R/library,4.1-1,NA,3.5.0
hms,/Users/jenny/resources/R/library,0.4.2.9001,NA,3.5.1
hnp,/Users/jenny/resources/R/library,1.2-6,NA,3.5.0
hoardr,/Users/jenny/resources/R/library,0.2.0,NA,3.5.0
hrbrthemes,/Users/jenny/resources/R/library,0.5.0,NA,3.5.0
HSAUR,/Users/jenny/resources/R/library,1.3-9,NA,3.5.0
HSAUR2,/Users/jenny/resources/R/library,1.1-17,NA,3.5.0
htmldeps,/Users/jenny/resources/R/library,0.1.1,NA,3.5.1
htmlTable,/Users/jenny/resources/R/library,1.12,NA,3.5.0
htmltools,/Users/jenny/resources/R/library,0.3.6.9003,NA,3.5.1
htmlwidgets,/Users/jenny/resources/R/library,1.2,NA,3.5.0
httpcode,/Users/jenny/resources/R/library,0.2.0,NA,3.5.0
httpuv,/Users/jenny/resources/R/library,1.4.4.2,NA,3.5.0
httr,/Users/jenny/resources/R/library,1.3.1,NA,3.5.0
humaniformat,/Users/jenny/resources/R/library,0.6.0,NA,3.5.0
hunspell,/Users/jenny/resources/R/library,2.9,NA,3.5.0
hwriter,/Users/jenny/resources/R/library,1.3.2,NA,3.5.0
HyperbolicDist,/Users/jenny/resources/R/library,0.6-2,NA,3.5.0
hypergeo,/Users/jenny/resources/R/library,1.2-13,NA,3.5.0
ICGE,/Users/jenny/resources/R/library,0.3,NA,3.5.0
IDPmisc,/Users/jenny/resources/R/library,1.1.17,NA,3.5.0
ids,/Users/jenny/resources/R/library,1.0.1,NA,3.5.0
ifultools,/Users/jenny/resources/R/library,2.0-4,NA,3.5.0
igraph,/Users/jenny/resources/R/library,1.2.1,NA,3.5.0
igraphdata,/Users/jenny/resources/R/library,1.0.1,NA,3.5.0
ijtiff,/Users/jenny/resources/R/library,1.1.0,NA,3.5.0
imager,/Users/jenny/resources/R/library,0.41.1,NA,3.5.0
import,/Users/jenny/resources/R/library,1.1.0,NA,3.5.0
imputeYn,/Users/jenny/resources/R/library,1.3,NA,3.5.0
ineq,/Users/jenny/resources/R/library,0.2-13,NA,3.5.0
influenceR,/Users/jenny/resources/R/library,0.1.0,NA,3.5.0
infotheo,/Users/jenny/resources/R/library,1.2.0,NA,3.5.0
ini,/Users/jenny/resources/R/library,0.3.1,NA,3.5.0
inline,/Users/jenny/resources/R/library,0.3.15,NA,3.5.0
intergraph,/Users/jenny/resources/R/library,2.0-2,NA,3.5.0
intervals,/Users/jenny/resources/R/library,0.15.1,NA,3.5.0
intubate,/Users/jenny/resources/R/library,1.0.0,NA,3.5.0
inum,/Users/jenny/resources/R/library,1.0-0,NA,3.5.0
iplots,/Users/jenny/resources/R/library,1.1-7.1,NA,3.5.0
ipred,/Users/jenny/resources/R/library,0.9-6,NA,3.5.0
irlba,/Users/jenny/resources/R/library,2.3.2,NA,3.5.0
Iso,/Users/jenny/resources/R/library,0.0-17,NA,3.5.0
ISOcodes,/Users/jenny/resources/R/library,2017.09.27,NA,3.5.0
ISwR,/Users/jenny/resources/R/library,2.0-7,NA,3.5.0
iterators,/Users/jenny/resources/R/library,1.0.9,NA,3.5.0
itertools,/Users/jenny/resources/R/library,0.1-3,NA,3.5.0
jadd,/Users/jenny/resources/R/library,0.0.0.9000,NA,3.5.0
JADE,/Users/jenny/resources/R/library,2.0-1,NA,3.5.0
janeaustenr,/Users/jenny/resources/R/library,0.1.5,NA,3.5.0
janitor,/Users/jenny/resources/R/library,1.0.0,NA,3.5.0
jomo,/Users/jenny/resources/R/library,2.6-2,NA,3.5.0
jose,/Users/jenny/resources/R/library,0.2,NA,3.5.0
jpeg,/Users/jenny/resources/R/library,0.1-8,NA,3.5.0
jqr,/Users/jenny/resources/R/library,1.0.0,NA,3.5.0
jsonlite,/Users/jenny/resources/R/library,1.5,NA,3.5.0
jsonvalidate,/Users/jenny/resources/R/library,1.0.0,NA,3.5.0
kdecopula,/Users/jenny/resources/R/library,0.9.2,NA,3.5.0
kedd,/Users/jenny/resources/R/library,1.0.3,NA,3.5.0
Kendall,/Users/jenny/resources/R/library,2.2,NA,3.5.0
kernelFactory,/Users/jenny/resources/R/library,0.3.0,NA,3.5.0
kernlab,/Users/jenny/resources/R/library,0.9-26,NA,3.5.0
kimisc,/Users/jenny/resources/R/library,0.4,NA,3.5.0
klaR,/Users/jenny/resources/R/library,0.6-14,NA,3.5.0
kmer,/Users/jenny/resources/R/library,1.0.2,NA,3.5.0
knitr,/Users/jenny/resources/R/library,1.20,NA,3.5.0
koRpus,/Users/jenny/resources/R/library,0.10-2,NA,3.5.0
ks,/Users/jenny/resources/R/library,1.11.2,NA,3.5.0
kSamples,/Users/jenny/resources/R/library,1.2-8,NA,3.5.0
kyotil,/Users/jenny/resources/R/library,2017.12-27,NA,3.5.0
label.switching,/Users/jenny/resources/R/library,1.7,NA,3.5.0
labeling,/Users/jenny/resources/R/library,0.3,NA,3.5.0
labelled,/Users/jenny/resources/R/library,1.1.0,NA,3.5.0
laeken,/Users/jenny/resources/R/library,0.4.6,NA,3.5.0
LaF,/Users/jenny/resources/R/library,0.8.0,NA,3.5.0
Lahman,/Users/jenny/resources/R/library,6.0-0,NA,3.5.0
lambda.r,/Users/jenny/resources/R/library,1.2.3,NA,3.5.0
LambertW,/Users/jenny/resources/R/library,0.6.4,NA,3.5.0
lamW,/Users/jenny/resources/R/library,1.3.0,NA,3.5.0
LaplacesDemon,/Users/jenny/resources/R/library,16.1.0,NA,3.5.0
lars,/Users/jenny/resources/R/library,1.2,NA,3.5.0
lasso2,/Users/jenny/resources/R/library,1.2-19,NA,3.5.0
latentnet,/Users/jenny/resources/R/library,2.8.0,NA,3.5.0
later,/Users/jenny/resources/R/library,0.7.3,NA,3.5.0
latticeExtra,/Users/jenny/resources/R/library,0.6-28,NA,3.5.0
LatticeKrig,/Users/jenny/resources/R/library,7.0,NA,3.5.0
lava,/Users/jenny/resources/R/library,1.6.1,NA,3.5.0
lavaan,/Users/jenny/resources/R/library,0.6-1,NA,3.5.0
lavaan.survey,/Users/jenny/resources/R/library,1.1.3.1,NA,3.5.0
lazyData,/Users/jenny/resources/R/library,1.1.0,NA,3.5.0
lazyeval,/Users/jenny/resources/R/library,0.2.1,NA,3.5.0
lazyrmd,/Users/jenny/resources/R/library,0.2.0,NA,3.5.0
lda,/Users/jenny/resources/R/library,1.4.2,NA,3.5.0
ldbounds,/Users/jenny/resources/R/library,1.1-1,NA,3.5.0
leaflet,/Users/jenny/resources/R/library,2.0.1,NA,3.5.0
leaflet.minicharts,/Users/jenny/resources/R/library,0.5.4,NA,3.5.0
leafletR,/Users/jenny/resources/R/library,0.4-0,NA,3.5.0
leaps,/Users/jenny/resources/R/library,3.0,NA,3.5.0
LearnBayes,/Users/jenny/resources/R/library,2.15.1,NA,3.5.0
lfe,/Users/jenny/resources/R/library,2.8,NA,3.5.0
lgarch,/Users/jenny/resources/R/library,0.6-2,NA,3.5.0
lhs,/Users/jenny/resources/R/library,0.16,NA,3.5.0
libcoin,/Users/jenny/resources/R/library,1.0-1,NA,3.5.0
limSolve,/Users/jenny/resources/R/library,1.5.5.3,NA,3.5.0
LinkedMatrix,/Users/jenny/resources/R/library,1.3.0,NA,3.5.0
lintr,/Users/jenny/resources/R/library,1.0.2.9000,NA,3.5.0
liqueueR,/Users/jenny/resources/R/library,0.0.1,NA,3.5.0
listenv,/Users/jenny/resources/R/library,0.7.0,NA,3.5.0
listviewer,/Users/jenny/resources/R/library,2.0.0,NA,3.5.0
llama,/Users/jenny/resources/R/library,0.9.1,NA,3.5.0
lme4,/Users/jenny/resources/R/library,1.1-17,NA,3.5.0
lmerTest,/Users/jenny/resources/R/library,3.0-1,NA,3.5.0
lmtest,/Users/jenny/resources/R/library,0.9-36,NA,3.5.0
loa,/Users/jenny/resources/R/library,0.2.43.3,NA,3.5.0
lobstr,/Users/jenny/resources/R/library,0.0.0.9000,NA,3.5.0
locfit,/Users/jenny/resources/R/library,1.5-9.1,NA,3.5.0
logistf,/Users/jenny/resources/R/library,1.22,NA,3.5.0
logspline,/Users/jenny/resources/R/library,2.1.11,NA,3.5.0
lokern,/Users/jenny/resources/R/library,1.1-8,NA,3.5.0
longitudinal,/Users/jenny/resources/R/library,1.1.12,NA,3.5.0
longmemo,/Users/jenny/resources/R/library,1.0-0,NA,3.5.0
loo,/Users/jenny/resources/R/library,2.0.0,NA,3.5.0
lookup,/Users/jenny/resources/R/library,0.0.0.9000,NA,3.5.1
lpSolve,/Users/jenny/resources/R/library,5.6.13,NA,3.5.0
lpSolveAPI,/Users/jenny/resources/R/library,5.5.2.0-17,NA,3.5.0
lsa,/Users/jenny/resources/R/library,0.73.1,NA,3.5.0
LSD,/Users/jenny/resources/R/library,4.0-0,NA,3.5.0
lsr,/Users/jenny/resources/R/library,0.5,NA,3.5.0
ltsa,/Users/jenny/resources/R/library,1.4.6,NA,3.5.0
lubridate,/Users/jenny/resources/R/library,1.7.4,NA,3.5.0
Luminescence,/Users/jenny/resources/R/library,0.8.5,NA,3.5.0
lwgeom,/Users/jenny/resources/R/library,0.1-4,NA,3.5.0
maddison,/Users/jenny/resources/R/library,0.1,NA,3.5.0
magic,/Users/jenny/resources/R/library,1.5-8,NA,3.5.0
magick,/Users/jenny/resources/R/library,1.9,NA,3.5.0
magrittr,/Users/jenny/resources/R/library,1.5,NA,3.5.0
mallet,/Users/jenny/resources/R/library,1.0,NA,3.5.0
manipulate,/Users/jenny/resources/R/library,1.0.1,NA,3.5.0
manipulateWidget,/Users/jenny/resources/R/library,0.10.0,NA,3.5.0
mapdata,/Users/jenny/resources/R/library,2.3.0,NA,3.5.0
mapproj,/Users/jenny/resources/R/library,1.2.6,NA,3.5.0
maps,/Users/jenny/resources/R/library,3.3.0,NA,3.5.0
maptools,/Users/jenny/resources/R/library,0.9-2,NA,3.5.0
mapview,/Users/jenny/resources/R/library,2.4.0,NA,3.5.0
markdown,/Users/jenny/resources/R/library,0.8,NA,3.5.0
matlab,/Users/jenny/resources/R/library,1.0.2,NA,3.5.0
matrixcalc,/Users/jenny/resources/R/library,1.0-3,NA,3.5.0
MatrixModels,/Users/jenny/resources/R/library,0.4-1,NA,3.5.0
matrixStats,/Users/jenny/resources/R/library,0.53.1,NA,3.5.0
maxent,/Users/jenny/resources/R/library,1.3.3.1,NA,3.5.0
maxLik,/Users/jenny/resources/R/library,1.3-4,NA,3.5.0
maxlike,/Users/jenny/resources/R/library,0.1-7,NA,3.5.0
MBA,/Users/jenny/resources/R/library,0.0-9,NA,3.5.0
MBESS,/Users/jenny/resources/R/library,4.4.3,NA,3.5.0
mboost,/Users/jenny/resources/R/library,2.9-0,NA,3.5.0
mc2d,/Users/jenny/resources/R/library,0.1-18,NA,3.5.0
mcclust,/Users/jenny/resources/R/library,1.0,NA,3.5.0
mclust,/Users/jenny/resources/R/library,5.4.1,NA,3.5.0
mcmc,/Users/jenny/resources/R/library,0.9-5,NA,3.5.0
MCMCpack,/Users/jenny/resources/R/library,1.4-3,NA,3.5.0
MCPAN,/Users/jenny/resources/R/library,1.1-21,NA,3.5.0
mda,/Users/jenny/resources/R/library,0.4-10,NA,3.5.0
memisc,/Users/jenny/resources/R/library,0.99.14.9,NA,3.5.0
memoise,/Users/jenny/resources/R/library,1.1.0,NA,3.5.1
MEMSS,/Users/jenny/resources/R/library,0.9-2,NA,3.5.0
memuse,/Users/jenny/resources/R/library,4.0-0,NA,3.5.0
metafor,/Users/jenny/resources/R/library,2.0-0,NA,3.5.0
metRology,/Users/jenny/resources/R/library,0.9-26-2,NA,3.5.0
mets,/Users/jenny/resources/R/library,1.2.3.1,NA,3.5.0
mfp,/Users/jenny/resources/R/library,1.5.2,NA,3.5.0
mhsmm,/Users/jenny/resources/R/library,0.4.16,NA,3.5.0
mi,/Users/jenny/resources/R/library,1.0,NA,3.5.0
mice,/Users/jenny/resources/R/library,3.1.0,NA,3.5.0
miceadds,/Users/jenny/resources/R/library,2.12-24,NA,3.5.0
microbenchmark,/Users/jenny/resources/R/library,1.4-4,NA,3.5.0
microdemic,/Users/jenny/resources/R/library,0.3.0,NA,3.5.0
mime,/Users/jenny/resources/R/library,0.5,NA,3.5.0
minerva,/Users/jenny/resources/R/library,1.4.7,NA,3.5.0
miniCRAN,/Users/jenny/resources/R/library,0.2.11,NA,3.5.0
miniUI,/Users/jenny/resources/R/library,0.1.1.1,NA,3.5.0
minpack.lm,/Users/jenny/resources/R/library,1.2-1,NA,3.5.0
minqa,/Users/jenny/resources/R/library,1.2.4,NA,3.5.0
mirt,/Users/jenny/resources/R/library,1.28,NA,3.5.0
misc3d,/Users/jenny/resources/R/library,0.8-4,NA,3.5.0
miscF,/Users/jenny/resources/R/library,0.1-4,NA,3.5.0
miscTools,/Users/jenny/resources/R/library,0.6-22,NA,3.5.0
missForest,/Users/jenny/resources/R/library,1.4,NA,3.5.0
mitml,/Users/jenny/resources/R/library,0.3-5,NA,3.5.0
mitools,/Users/jenny/resources/R/library,2.3,NA,3.5.0
mix,/Users/jenny/resources/R/library,1.0-10,NA,3.5.0
mixOmics,/Users/jenny/resources/R/library,6.3.2,NA,3.5.0
mixtools,/Users/jenny/resources/R/library,1.1.0,NA,3.5.0
mlbench,/Users/jenny/resources/R/library,2.1-1,NA,3.5.0
mlmRev,/Users/jenny/resources/R/library,1.0-6,NA,3.5.0
mlogit,/Users/jenny/resources/R/library,0.3-0,NA,3.5.0
mlr,/Users/jenny/resources/R/library,2.12.1,NA,3.5.0
mnormt,/Users/jenny/resources/R/library,1.5-5,NA,3.5.0
mockery,/Users/jenny/resources/R/library,0.4.1,NA,3.5.0
mockr,/Users/jenny/resources/R/library,0.1,NA,3.5.0
ModelMetrics,/Users/jenny/resources/R/library,1.1.0,NA,3.5.0
modelr,/Users/jenny/resources/R/library,0.1.2,NA,3.5.0
modeltools,/Users/jenny/resources/R/library,0.2-21,NA,3.5.0
moments,/Users/jenny/resources/R/library,0.14,NA,3.5.0
mondate,/Users/jenny/resources/R/library,0.10.01.02,NA,3.5.0
MonetDB.R,/Users/jenny/resources/R/library,1.0.1,NA,3.5.0
monreg,/Users/jenny/resources/R/library,0.1.3,NA,3.5.0
Morpho,/Users/jenny/resources/R/library,2.6,NA,3.5.0
mosaic,/Users/jenny/resources/R/library,1.2.0,NA,3.5.0
mosaicCore,/Users/jenny/resources/R/library,0.6.0,NA,3.5.0
mosaicData,/Users/jenny/resources/R/library,0.17.0,NA,3.5.0
MplusAutomation,/Users/jenny/resources/R/library,0.7-2,NA,3.5.0
mpoly,/Users/jenny/resources/R/library,1.0.5,NA,3.5.0
MPV,/Users/jenny/resources/R/library,1.53,NA,3.5.0
mratios,/Users/jenny/resources/R/library,1.4.0,NA,3.5.0
msm,/Users/jenny/resources/R/library,1.6.6,NA,3.5.0
mstate,/Users/jenny/resources/R/library,0.2.11,NA,3.5.0
muhaz,/Users/jenny/resources/R/library,1.2.6,NA,3.5.0
multcomp,/Users/jenny/resources/R/library,1.4-8,NA,3.5.0
multcompView,/Users/jenny/resources/R/library,0.1-7,NA,3.5.0
multicool,/Users/jenny/resources/R/library,0.1-10,NA,3.5.0
MultiOrd,/Users/jenny/resources/R/library,2.3,NA,3.5.0
multitaper,/Users/jenny/resources/R/library,1.0-14,NA,3.5.0
MuMIn,/Users/jenny/resources/R/library,1.40.4,NA,3.5.0
munsell,/Users/jenny/resources/R/library,0.5.0,NA,3.5.0
mvinfluence,/Users/jenny/resources/R/library,0.8-3,NA,3.5.0
mvna,/Users/jenny/resources/R/library,2.0.1,NA,3.5.0
mvnfast,/Users/jenny/resources/R/library,0.2.5,NA,3.5.0
mvnmle,/Users/jenny/resources/R/library,0.1-11.1,NA,3.5.0
mvQuad,/Users/jenny/resources/R/library,1.0-6,NA,3.5.0
mvtnorm,/Users/jenny/resources/R/library,1.0-8,NA,3.5.0
nabor,/Users/jenny/resources/R/library,0.4.7,NA,3.5.0
natserv,/Users/jenny/resources/R/library,0.1.4,NA,3.5.0
ncbit,/Users/jenny/resources/R/library,2013.03.29,NA,3.5.0
ncdf4,/Users/jenny/resources/R/library,1.16,NA,3.5.0
NCmisc,/Users/jenny/resources/R/library,1.1.5,NA,3.5.0
ncvreg,/Users/jenny/resources/R/library,3.10-0,NA,3.5.0
ndtv,/Users/jenny/resources/R/library,0.12.2,NA,3.5.0
neldermead,/Users/jenny/resources/R/library,1.0-11,NA,3.5.0
network,/Users/jenny/resources/R/library,1.13.0.1,NA,3.5.0
networkD3,/Users/jenny/resources/R/library,0.4,NA,3.5.0
networkDynamic,/Users/jenny/resources/R/library,0.9.0,NA,3.5.0
networksis,/Users/jenny/resources/R/library,2.1-3,NA,3.5.0
nFactors,/Users/jenny/resources/R/library,2.3.3,NA,3.5.0
ngstk,/Users/jenny/resources/R/library,0.2.1,NA,3.5.0
NHANES,/Users/jenny/resources/R/library,2.1.0,NA,3.5.0
nimble,/Users/jenny/resources/R/library,0.6-11,NA,3.5.0
nleqslv,/Users/jenny/resources/R/library,3.3.2,NA,3.5.0
nloptr,/Users/jenny/resources/R/library,1.0.4,NA,3.5.0
NLP,/Users/jenny/resources/R/library,0.1-11,NA,3.5.0
nls2,/Users/jenny/resources/R/library,0.2,NA,3.5.0
NMF,/Users/jenny/resources/R/library,0.21.0,NA,3.5.0
nnls,/Users/jenny/resources/R/library,1.4,NA,3.5.0
nor1mix,/Users/jenny/resources/R/library,1.2-3,NA,3.5.0
normalp,/Users/jenny/resources/R/library,0.7.0,NA,3.5.0
nortest,/Users/jenny/resources/R/library,1.0-4,NA,3.5.0
np,/Users/jenny/resources/R/library,0.60-8,NA,3.5.0
nparcomp,/Users/jenny/resources/R/library,2.6,NA,3.5.0
numDeriv,/Users/jenny/resources/R/library,2016.8-1,NA,3.5.0
nws,/Users/jenny/resources/R/library,1.7.0.1,NA,3.5.0
nycflights13,/Users/jenny/resources/R/library,1.0.0,NA,3.5.0
OAIHarvester,/Users/jenny/resources/R/library,0.3-0,NA,3.5.0
OceanView,/Users/jenny/resources/R/library,1.0.4,NA,3.5.0
oompaBase,/Users/jenny/resources/R/library,3.2.6,NA,3.5.0
openair,/Users/jenny/resources/R/library,2.4-2,NA,3.5.0
OpenMx,/Users/jenny/resources/R/library,2.9.9,NA,3.5.0
openNLP,/Users/jenny/resources/R/library,0.2-6,NA,3.5.0
openNLPdata,/Users/jenny/resources/R/library,1.5.3-4,NA,3.5.0
openssl,/Users/jenny/resources/R/library,1.0.2,NA,3.5.0
openxlsx,/Users/jenny/resources/R/library,4.1.0,NA,3.5.0
optextras,/Users/jenny/resources/R/library,2016-8.8,NA,3.5.0
optimbase,/Users/jenny/resources/R/library,1.0-9,NA,3.5.0
optimsimplex,/Users/jenny/resources/R/library,1.0-7,NA,3.5.0
optimx,/Users/jenny/resources/R/library,2013.8.7,NA,3.5.0
ordinal,/Users/jenny/resources/R/library,2018.4-19,NA,3.5.0
OrdNor,/Users/jenny/resources/R/library,2.1,NA,3.5.0
ore,/Users/jenny/resources/R/library,1.6.1,NA,3.5.0
orientlib,/Users/jenny/resources/R/library,0.10.3,NA,3.5.0
oro.nifti,/Users/jenny/resources/R/library,0.9.1,NA,3.5.0
orthopolynom,/Users/jenny/resources/R/library,1.0-5,NA,3.5.0
osd,/Users/jenny/resources/R/library,0.1,NA,3.5.0
osmar,/Users/jenny/resources/R/library,1.1-7,NA,3.5.0
osmdata,/Users/jenny/resources/R/library,0.0.7,NA,3.5.0
overlap,/Users/jenny/resources/R/library,0.3.2,NA,3.5.0
oz,/Users/jenny/resources/R/library,1.0-21,NA,3.5.0
packagedocs,/Users/jenny/resources/R/library,0.4.0,NA,3.5.0
packrat,/Users/jenny/resources/R/library,0.4.9-3,NA,3.5.0
pacman,/Users/jenny/resources/R/library,0.4.6,NA,3.5.0
padr,/Users/jenny/resources/R/library,0.4.1,NA,3.5.0
pamr,/Users/jenny/resources/R/library,1.55,NA,3.5.0
pan,/Users/jenny/resources/R/library,1.6,NA,3.5.0
pander,/Users/jenny/resources/R/library,0.6.1,NA,3.5.0
parallelMap,/Users/jenny/resources/R/library,1.3,NA,3.5.0
ParamHelpers,/Users/jenny/resources/R/library,1.11,NA,3.5.0
parcor,/Users/jenny/resources/R/library,0.2-6,NA,3.5.0
parsedate,/Users/jenny/resources/R/library,1.1.3,NA,3.5.0
partitions,/Users/jenny/resources/R/library,1.9-19,NA,3.5.0
party,/Users/jenny/resources/R/library,1.3-0,NA,3.5.0
partykit,/Users/jenny/resources/R/library,1.2-2,NA,3.5.0
pathological,/Users/jenny/resources/R/library,0.1-2,NA,3.5.0
pbapply,/Users/jenny/resources/R/library,1.3-4,NA,3.5.0
pbivnorm,/Users/jenny/resources/R/library,0.6.0,NA,3.5.0
pbkrtest,/Users/jenny/resources/R/library,0.4-7,NA,3.5.0
PBSmapping,/Users/jenny/resources/R/library,2.70.5,NA,3.5.0
pcalg,/Users/jenny/resources/R/library,2.6-0,NA,3.5.0
pcaPP,/Users/jenny/resources/R/library,1.9-73,NA,3.5.0
pdftools,/Users/jenny/resources/R/library,1.8,NA,3.5.0
pdist,/Users/jenny/resources/R/library,1.2,NA,3.5.0
pegas,/Users/jenny/resources/R/library,0.10,NA,3.5.0
penalized,/Users/jenny/resources/R/library,0.9-50,NA,3.5.0
PerformanceAnalytics,/Users/jenny/resources/R/library,1.5.2,NA,3.5.0
perm,/Users/jenny/resources/R/library,1.0-0.0,NA,3.5.0
permute,/Users/jenny/resources/R/library,0.9-4,NA,3.5.0
pgirmess,/Users/jenny/resources/R/library,1.6.9,NA,3.5.0
phangorn,/Users/jenny/resources/R/library,2.4.0,NA,3.5.0
phonTools,/Users/jenny/resources/R/library,0.2-2.1,NA,3.5.0
phylobase,/Users/jenny/resources/R/library,0.8.4,NA,3.5.0
phylogram,/Users/jenny/resources/R/library,2.1.0,NA,3.5.0
PhysicalActivity,/Users/jenny/resources/R/library,0.2-2,NA,3.5.0
phytools,/Users/jenny/resources/R/library,0.6-44,NA,3.5.0
picante,/Users/jenny/resources/R/library,1.7,NA,3.5.0
pillar,/Users/jenny/resources/R/library,1.3.0.9000,NA,3.5.1
pinfsc50,/Users/jenny/resources/R/library,1.1.0,NA,3.5.0
pingr,/Users/jenny/resources/R/library,1.1.2,NA,3.5.0
pipeR,/Users/jenny/resources/R/library,0.6.1.3,NA,3.5.0
pixmap,/Users/jenny/resources/R/library,0.4-11,NA,3.5.0
pkgapi,/Users/jenny/resources/R/library,1.0.0,NA,3.5.1
pkgbuild,/Users/jenny/resources/R/library,1.0.0.9000,NA,3.5.1
pkgconfig,/Users/jenny/resources/R/library,2.0.2,NA,3.5.0
pkgdepends,/Users/jenny/resources/R/library,0.0.0.9002,NA,3.5.1
pkgdown,/Users/jenny/resources/R/library,1.1.0.9000,NA,3.5.1
pkgKitten,/Users/jenny/resources/R/library,0.1.4,NA,3.5.0
pkgload,/Users/jenny/resources/R/library,1.0.0,NA,3.5.1
pkgmaker,/Users/jenny/resources/R/library,0.27,NA,3.5.0
PKI,/Users/jenny/resources/R/library,0.1-5.1,NA,3.5.0
PKPDmodels,/Users/jenny/resources/R/library,0.3.2,NA,3.5.0
plm,/Users/jenny/resources/R/library,1.6-6,NA,3.5.0
plogr,/Users/jenny/resources/R/library,0.2.0,NA,3.5.0
plot3D,/Users/jenny/resources/R/library,1.1.1,NA,3.5.0
plot3Drgl,/Users/jenny/resources/R/library,1.0.1,NA,3.5.0
plotKML,/Users/jenny/resources/R/library,0.5-8,NA,3.5.0
plotly,/Users/jenny/resources/R/library,4.7.1,NA,3.5.0
plotmo,/Users/jenny/resources/R/library,3.4.1,NA,3.5.0
plotrix,/Users/jenny/resources/R/library,3.7-2,NA,3.5.0
plotROC,/Users/jenny/resources/R/library,2.2.1,NA,3.5.0
pls,/Users/jenny/resources/R/library,2.6-0,NA,3.5.0
plumber,/Users/jenny/resources/R/library,0.4.6,NA,3.5.0
plyr,/Users/jenny/resources/R/library,1.8.4,NA,3.5.0
png,/Users/jenny/resources/R/library,0.1-7,NA,3.5.0
poibin,/Users/jenny/resources/R/library,1.3,NA,3.5.0
poLCA,/Users/jenny/resources/R/library,1.4.1,NA,3.5.0
polspline,/Users/jenny/resources/R/library,1.1.13,NA,3.5.0
polyclip,/Users/jenny/resources/R/library,1.9-0,NA,3.5.0
polycor,/Users/jenny/resources/R/library,0.7-9,NA,3.5.0
polynom,/Users/jenny/resources/R/library,1.3-9,NA,3.5.0
poweRlaw,/Users/jenny/resources/R/library,0.70.1,NA,3.5.0
powerplus,/Users/jenny/resources/R/library,3.1,NA,3.5.0
ppls,/Users/jenny/resources/R/library,1.6-1,NA,3.5.0
prabclus,/Users/jenny/resources/R/library,2.2-6,NA,3.5.0
pracma,/Users/jenny/resources/R/library,2.1.4,NA,3.5.0
praise,/Users/jenny/resources/R/library,1.0.0,NA,3.5.0
PresenceAbsence,/Users/jenny/resources/R/library,1.1.9,NA,3.5.0
prettyunits,/Users/jenny/resources/R/library,1.0.2,NA,3.5.0
princurve,/Users/jenny/resources/R/library,2.0.2,NA,3.5.0
ProbYX,/Users/jenny/resources/R/library,1.1-0,NA,3.5.0
pROC,/Users/jenny/resources/R/library,1.12.1,NA,3.5.0
processx,/Users/jenny/resources/R/library,3.2.0.9000,NA,3.5.1
prodlim,/Users/jenny/resources/R/library,2018.04.18,NA,3.5.0
productplots,/Users/jenny/resources/R/library,0.1.1,NA,3.5.0
profdpm,/Users/jenny/resources/R/library,3.3,NA,3.5.0
profileModel,/Users/jenny/resources/R/library,0.5-9,NA,3.5.0
profmem,/Users/jenny/resources/R/library,0.5.0,NA,3.5.0
proftools,/Users/jenny/resources/R/library,0.99-2,NA,3.5.0
profvis,/Users/jenny/resources/R/library,0.3.5,NA,3.5.0
progress,/Users/jenny/resources/R/library,1.2.0,NA,3.5.1
proj4,/Users/jenny/resources/R/library,1.0-8,NA,3.5.0
promises,/Users/jenny/resources/R/library,1.0.1,NA,3.5.0
prospectr,/Users/jenny/resources/R/library,0.1.3,NA,3.5.0
protiq,/Users/jenny/resources/R/library,1.2,NA,3.5.0
proto,/Users/jenny/resources/R/library,1.0.0,NA,3.5.0
protolite,/Users/jenny/resources/R/library,1.8,NA,3.5.0
ProTrackR,/Users/jenny/resources/R/library,0.3.5,NA,3.5.0
proxy,/Users/jenny/resources/R/library,0.4-22,NA,3.5.0
pryr,/Users/jenny/resources/R/library,0.1.4,NA,3.5.0
ps,/Users/jenny/resources/R/library,1.1.0,NA,3.5.0
PSCBS,/Users/jenny/resources/R/library,0.63.0,NA,3.5.0
pscl,/Users/jenny/resources/R/library,1.5.2,NA,3.5.0
pspearman,/Users/jenny/resources/R/library,0.3-0,NA,3.5.0
pspline,/Users/jenny/resources/R/library,1.0-18,NA,3.5.0
psych,/Users/jenny/resources/R/library,1.8.4,NA,3.5.0
psychotools,/Users/jenny/resources/R/library,0.4-3,NA,3.5.0
purrr,/Users/jenny/resources/R/library,0.2.5,NA,3.5.0
pvclust,/Users/jenny/resources/R/library,2.0-0,NA,3.5.0
qap,/Users/jenny/resources/R/library,0.1-1,NA,3.5.0
qdapDictionaries,/Users/jenny/resources/R/library,1.0.7,NA,3.5.0
qdapRegex,/Users/jenny/resources/R/library,0.7.2,NA,3.5.0
qdapTools,/Users/jenny/resources/R/library,1.3.3,NA,3.5.0
QRM,/Users/jenny/resources/R/library,0.4-13,NA,3.5.0
qrng,/Users/jenny/resources/R/library,0.0-5,NA,3.5.0
qrnn,/Users/jenny/resources/R/library,2.0.3,NA,3.5.0
qtl,/Users/jenny/resources/R/library,1.42-8,NA,3.5.0
qtlnet,/Users/jenny/resources/R/library,1.4.4,NA,3.5.0
quadprog,/Users/jenny/resources/R/library,1.5-5,NA,3.5.0
quanteda,/Users/jenny/resources/R/library,1.3.0,NA,3.5.0
quantmod,/Users/jenny/resources/R/library,0.4-13,NA,3.5.0
quantreg,/Users/jenny/resources/R/library,5.36,NA,3.5.0
questionr,/Users/jenny/resources/R/library,0.6.2,NA,3.5.0
QUIC,/Users/jenny/resources/R/library,1.1,NA,3.5.0
qvcalc,/Users/jenny/resources/R/library,0.9-1,NA,3.5.0
R.cache,/Users/jenny/resources/R/library,0.13.0,NA,3.5.0
R.devices,/Users/jenny/resources/R/library,2.15.1,NA,3.5.0
R.filesets,/Users/jenny/resources/R/library,2.12.1,NA,3.5.0
R.huge,/Users/jenny/resources/R/library,0.9.0,NA,3.5.0
R.matlab,/Users/jenny/resources/R/library,3.6.1,NA,3.5.0
R.methodsS3,/Users/jenny/resources/R/library,1.7.1,NA,3.5.0
R.oo,/Users/jenny/resources/R/library,1.22.0,NA,3.5.0
R.rsp,/Users/jenny/resources/R/library,0.42.0,NA,3.5.0
R.utils,/Users/jenny/resources/R/library,2.6.0,NA,3.5.0
R2Cuba,/Users/jenny/resources/R/library,1.1-0,NA,3.5.0
R2HTML,/Users/jenny/resources/R/library,2.3.2,NA,3.5.0
R2jags,/Users/jenny/resources/R/library,0.5-7,NA,3.5.0
R2OpenBUGS,/Users/jenny/resources/R/library,3.2-3.2,NA,3.5.0
R2WinBUGS,/Users/jenny/resources/R/library,2.1-21,NA,3.5.0
R6,/Users/jenny/resources/R/library,2.2.2,NA,3.5.0
rAmCharts,/Users/jenny/resources/R/library,2.1.8,NA,3.5.0
randomcoloR,/Users/jenny/resources/R/library,1.1.0,NA,3.5.0
RandomFields,/Users/jenny/resources/R/library,3.1.50,NA,3.5.0
RandomFieldsUtils,/Users/jenny/resources/R/library,0.3.25,NA,3.5.0
randomForest,/Users/jenny/resources/R/library,4.6-14,NA,3.5.0
randtoolbox,/Users/jenny/resources/R/library,1.17.1,NA,3.5.0
ranger,/Users/jenny/resources/R/library,0.10.1,NA,3.5.0
RANN,/Users/jenny/resources/R/library,2.5.1,NA,3.5.0
RApiDatetime,/Users/jenny/resources/R/library,0.0.3,NA,3.5.0
rapidjsonr,/Users/jenny/resources/R/library,1.0.0,NA,3.5.0
rappdirs,/Users/jenny/resources/R/library,0.3.1,NA,3.5.0
rARPACK,/Users/jenny/resources/R/library,0.11-0,NA,3.5.0
raster,/Users/jenny/resources/R/library,2.6-7,NA,3.5.0
rasterVis,/Users/jenny/resources/R/library,0.45,NA,3.5.0
ratelimitr,/Users/jenny/resources/R/library,0.3.9,NA,3.5.0
rbenchmark,/Users/jenny/resources/R/library,1.0.0,NA,3.5.0
rcbalance,/Users/jenny/resources/R/library,1.8.5,NA,3.5.0
rcdd,/Users/jenny/resources/R/library,1.2,NA,3.5.0
Rcgmin,/Users/jenny/resources/R/library,2013-2.21,NA,3.5.0
rChoiceDialogs,/Users/jenny/resources/R/library,1.0.6,NA,3.5.0
rcmdcheck,/Users/jenny/resources/R/library,1.2.1.9005,NA,3.5.1
Rcmdr,/Users/jenny/resources/R/library,2.4-4,NA,3.5.0
RcmdrMisc,/Users/jenny/resources/R/library,1.0-10,NA,3.5.0
RColorBrewer,/Users/jenny/resources/R/library,1.1-2,NA,3.5.0
Rcpp,/Users/jenny/resources/R/library,0.12.18,NA,3.5.1
RcppArmadillo,/Users/jenny/resources/R/library,0.8.600.0.0,NA,3.5.0
RcppEigen,/Users/jenny/resources/R/library,0.3.3.4.0,NA,3.5.0
RcppParallel,/Users/jenny/resources/R/library,4.4.0,NA,3.5.0
RcppProgress,/Users/jenny/resources/R/library,0.4.1,NA,3.5.0
RcppRoll,/Users/jenny/resources/R/library,0.3.0,NA,3.5.0
RcppTOML,/Users/jenny/resources/R/library,0.1.3,NA,3.5.0
rcrossref,/Users/jenny/resources/R/library,0.8.0,NA,3.5.0
Rcsdp,/Users/jenny/resources/R/library,0.1.55,NA,3.5.0
RCurl,/Users/jenny/resources/R/library,1.95-4.11,NA,3.5.0
Rd2roxygen,/Users/jenny/resources/R/library,1.6.2,NA,3.5.0
Rdpack,/Users/jenny/resources/R/library,0.8-0,NA,3.5.0
rdrop2,/Users/jenny/resources/R/library,0.8.1,NA,3.5.0
ReacTran,/Users/jenny/resources/R/library,1.4.3.1,NA,3.5.0
readbitmap,/Users/jenny/resources/R/library,0.1.5,NA,3.5.0
reader,/Users/jenny/resources/R/library,1.0.6,NA,3.5.0
readODS,/Users/jenny/resources/R/library,1.6.4,NA,3.5.0
readOffice,/Users/jenny/resources/R/library,0.2.2,NA,3.5.0
readr,/Users/jenny/resources/R/library,1.2.0,NA,3.5.1
readstata13,/Users/jenny/resources/R/library,0.9.2,NA,3.5.0
readxl,/Users/jenny/resources/R/library,1.1.0.9000,NA,3.5.1
rebird,/Users/jenny/resources/R/library,0.4.0,NA,3.5.0
recipes,/Users/jenny/resources/R/library,0.1.3,NA,3.5.0
REdaS,/Users/jenny/resources/R/library,0.9.3,NA,3.5.0
registry,/Users/jenny/resources/R/library,0.5,NA,3.5.0
relations,/Users/jenny/resources/R/library,0.6-8,NA,3.5.0
relevent,/Users/jenny/resources/R/library,1.0-4,NA,3.5.0
relimp,/Users/jenny/resources/R/library,1.0-5,NA,3.5.0
rem,/Users/jenny/resources/R/library,1.2.8,NA,3.5.0
rematch,/Users/jenny/resources/R/library,1.0.1,NA,3.5.0
rematch2,/Users/jenny/resources/R/library,2.0.1,NA,3.5.0
remotes,/Users/jenny/resources/R/library,1.1.1.9000,NA,3.5.1
rentrez,/Users/jenny/resources/R/library,1.2.1,NA,3.5.0
reports,/Users/jenny/resources/R/library,0.1.4,NA,3.5.0
repr,/Users/jenny/resources/R/library,0.15.0,NA,3.5.0
reprex,/Users/jenny/resources/R/library,0.2.1,NA,3.5.1
repurrrsive,/Users/jenny/resources/R/library,0.1.0,NA,3.5.0
reshape,/Users/jenny/resources/R/library,0.8.7,NA,3.5.0
reshape2,/Users/jenny/resources/R/library,1.4.3,NA,3.5.0
reticulate,/Users/jenny/resources/R/library,1.8,NA,3.5.0
reutils,/Users/jenny/resources/R/library,0.2.3,NA,3.5.0
revdepcheck,/Users/jenny/resources/R/library,1.0.0.9000,NA,3.5.1
rex,/Users/jenny/resources/R/library,1.1.2,NA,3.5.0
rexpokit,/Users/jenny/resources/R/library,0.26.3,NA,3.5.0
rfigshare,/Users/jenny/resources/R/library,0.3.7,NA,3.5.0
rgdal,/Users/jenny/resources/R/library,1.3-3,NA,3.5.0
rgenoud,/Users/jenny/resources/R/library,5.8-2.0,NA,3.5.0
rgeos,/Users/jenny/resources/R/library,0.3-28,NA,3.5.0
rgexf,/Users/jenny/resources/R/library,0.15.3,NA,3.5.0
rgl,/Users/jenny/resources/R/library,0.99.16,NA,3.5.0
rglwidget,/Users/jenny/resources/R/library,0.2.1,NA,3.5.0
RgoogleMaps,/Users/jenny/resources/R/library,1.4.2,NA,3.5.0
RGraphics,/Users/jenny/resources/R/library,2.0-14,NA,3.5.0
rhandsontable,/Users/jenny/resources/R/library,0.3.6,NA,3.5.0
rhub,/Users/jenny/resources/R/library,1.0.2,NA,3.5.0
rintrojs,/Users/jenny/resources/R/library,0.2.0,NA,3.5.0
rio,/Users/jenny/resources/R/library,0.5.10,NA,3.5.0
RISmed,/Users/jenny/resources/R/library,2.1.7,NA,3.5.0
ritis,/Users/jenny/resources/R/library,0.7.2,NA,3.5.0
rjags,/Users/jenny/resources/R/library,4-6,NA,3.5.0
rJava,/Users/jenny/resources/R/library,0.9-10,NA,3.5.0
RJDBC,/Users/jenny/resources/R/library,0.2-7.1,NA,3.5.0
rjson,/Users/jenny/resources/R/library,0.2.20,NA,3.5.0
RJSONIO,/Users/jenny/resources/R/library,1.3-0,NA,3.5.0
rlang,/Users/jenny/resources/R/library,0.2.2.9001,NA,3.5.1
rlecuyer,/Users/jenny/resources/R/library,0.3-4,NA,3.5.0
rlist,/Users/jenny/resources/R/library,0.4.6.1,NA,3.5.0
rmapshaper,/Users/jenny/resources/R/library,0.4.0,NA,3.5.0
rmarkdown,/Users/jenny/resources/R/library,1.10.13,NA,3.5.1
rmcfs,/Users/jenny/resources/R/library,1.2.11,NA,3.5.0
rmdshower,/Users/jenny/resources/R/library,2.1.1,NA,3.5.0
Rmisc,/Users/jenny/resources/R/library,1.5,NA,3.5.0
Rmpfr,/Users/jenny/resources/R/library,0.7-0,NA,3.5.0
rms,/Users/jenny/resources/R/library,5.1-2,NA,3.5.0
rmutil,/Users/jenny/resources/R/library,1.1.1,NA,3.5.0
RMySQL,/Users/jenny/resources/R/library,0.10.15,NA,3.5.0
rncl,/Users/jenny/resources/R/library,0.8.2,NA,3.5.0
RNetCDF,/Users/jenny/resources/R/library,1.9-1,NA,3.5.0
RNeXML,/Users/jenny/resources/R/library,2.1.1,NA,3.5.0
rngtools,/Users/jenny/resources/R/library,1.3.1,NA,3.5.0
rngWELL,/Users/jenny/resources/R/library,0.10-5,NA,3.5.0
RNifti,/Users/jenny/resources/R/library,0.8.0,NA,3.5.0
robust,/Users/jenny/resources/R/library,0.4-18,NA,3.5.0
robustbase,/Users/jenny/resources/R/library,0.93-1,NA,3.5.0
ROCR,/Users/jenny/resources/R/library,1.0-7,NA,3.5.0
Rook,/Users/jenny/resources/R/library,1.1-1,NA,3.5.0
rootSolve,/Users/jenny/resources/R/library,1.7,NA,3.5.0
rotl,/Users/jenny/resources/R/library,3.0.4,NA,3.5.0
rowr,/Users/jenny/resources/R/library,1.1.3,NA,3.5.0
roxygen2,/Users/jenny/resources/R/library,6.1.0,NA,3.5.0
Rpdb,/Users/jenny/resources/R/library,2.3,NA,3.5.0
rpf,/Users/jenny/resources/R/library,0.59,NA,3.5.0
rplos,/Users/jenny/resources/R/library,0.8.0,NA,3.5.0
RPostgreSQL,/Users/jenny/resources/R/library,0.6-2,NA,3.5.0
rprintf,/Users/jenny/resources/R/library,0.2.1,NA,3.5.0
rprojroot,/Users/jenny/resources/R/library,1.3-2,NA,3.5.0
rptR,/Users/jenny/resources/R/library,0.9.21,NA,3.5.0
RPushbullet,/Users/jenny/resources/R/library,0.3.1,NA,3.5.0
rrcov,/Users/jenny/resources/R/library,1.4-4,NA,3.5.0
rredis,/Users/jenny/resources/R/library,1.7.0,NA,3.5.0
rredlist,/Users/jenny/resources/R/library,0.4.0,NA,3.5.0
RSAGA,/Users/jenny/resources/R/library,1.1.1,NA,3.5.0
rscala,/Users/jenny/resources/R/library,3.0.2,NA,3.5.0
RSclient,/Users/jenny/resources/R/library,0.7-3,NA,3.5.0
rsconnect,/Users/jenny/resources/R/library,0.8.8,NA,3.5.0
rscopus,/Users/jenny/resources/R/library,0.5.11,NA,3.5.0
Rserve,/Users/jenny/resources/R/library,1.7-3,NA,3.5.0
RSiena,/Users/jenny/resources/R/library,1.2-12,NA,3.5.0
Rsolnp,/Users/jenny/resources/R/library,1.16,NA,3.5.0
RSpectra,/Users/jenny/resources/R/library,0.13-1,NA,3.5.0
RSQLite,/Users/jenny/resources/R/library,2.1.1,NA,3.5.0
rstan,/Users/jenny/resources/R/library,2.17.3,NA,3.5.0
rstantools,/Users/jenny/resources/R/library,1.5.0,NA,3.5.0
rstiefel,/Users/jenny/resources/R/library,0.20,NA,3.5.0
rstudioapi,/Users/jenny/resources/R/library,0.7,NA,3.5.0
rsvg,/Users/jenny/resources/R/library,1.3,NA,3.5.0
rTensor,/Users/jenny/resources/R/library,1.3,NA,3.5.0
rtf,/Users/jenny/resources/R/library,0.4-13,NA,3.5.0
rticles,/Users/jenny/resources/R/library,0.4.1,NA,3.5.0
Rtsne,/Users/jenny/resources/R/library,0.13,NA,3.5.0
Rttf2pt1,/Users/jenny/resources/R/library,1.3.7,NA,3.5.0
rtweet,/Users/jenny/resources/R/library,0.6.7,NA,3.5.0
rugarch,/Users/jenny/resources/R/library,1.4-0,NA,3.5.0
RUnit,/Users/jenny/resources/R/library,0.4.32,NA,3.5.0
runjags,/Users/jenny/resources/R/library,2.0.4-2,NA,3.5.0
rust,/Users/jenny/resources/R/library,1.3.5,NA,3.5.0
RVAideMemoire,/Users/jenny/resources/R/library,0.9-69-3,NA,3.5.0
Rvcg,/Users/jenny/resources/R/library,0.17,NA,3.5.0
rvcheck,/Users/jenny/resources/R/library,0.1.0,NA,3.5.0
rversions,/Users/jenny/resources/R/library,1.0.3,NA,3.5.0
rvest,/Users/jenny/resources/R/library,0.3.2,NA,3.5.0
Rvmmin,/Users/jenny/resources/R/library,2018-4.17,NA,3.5.0
RWeka,/Users/jenny/resources/R/library,0.4-38,NA,3.5.0
RWekajars,/Users/jenny/resources/R/library,3.9.2-1,NA,3.5.0
rworldmap,/Users/jenny/resources/R/library,1.3-6,NA,3.5.0
rworldxtra,/Users/jenny/resources/R/library,1.01,NA,3.5.0
rwt,/Users/jenny/resources/R/library,1.0.0,NA,3.5.0
sampleSelection,/Users/jenny/resources/R/library,1.2-0,NA,3.5.0
sandwich,/Users/jenny/resources/R/library,2.4-0,NA,3.5.0
sapa,/Users/jenny/resources/R/library,2.0-2,NA,3.5.0
sas7bdat,/Users/jenny/resources/R/library,0.5,NA,3.5.0
satellite,/Users/jenny/resources/R/library,1.0.1,NA,3.5.0
scagnostics,/Users/jenny/resources/R/library,0.2-4.1,NA,3.5.0
scales,/Users/jenny/resources/R/library,0.5.0,NA,3.5.0
scalreg,/Users/jenny/resources/R/library,1.0,NA,3.5.0
scatterplot3d,/Users/jenny/resources/R/library,0.3-41,NA,3.5.0
SchemaOnRead,/Users/jenny/resources/R/library,1.0.2,NA,3.5.0
schoolmath,/Users/jenny/resources/R/library,0.4,NA,3.5.0
sda,/Users/jenny/resources/R/library,1.3.7,NA,3.5.0
SDMTools,/Users/jenny/resources/R/library,1.1-221,NA,3.5.0
seasonal,/Users/jenny/resources/R/library,1.6.1,NA,3.5.0
secr,/Users/jenny/resources/R/library,3.1.6,NA,3.5.0
seewave,/Users/jenny/resources/R/library,2.1.0,NA,3.5.0
segmented,/Users/jenny/resources/R/library,0.5-3.0,NA,3.5.0
Segmentor3IsBack,/Users/jenny/resources/R/library,2.0,NA,3.5.0
SEL,/Users/jenny/resources/R/library,1.0-2,NA,3.5.0
selectr,/Users/jenny/resources/R/library,0.4-1,NA,3.5.0
sem,/Users/jenny/resources/R/library,3.1-9,NA,3.5.0
SemiPar,/Users/jenny/resources/R/library,1.0-4.2,NA,3.5.0
semTools,/Users/jenny/resources/R/library,0.5-0,NA,3.5.0
sendmailR,/Users/jenny/resources/R/library,1.2-1,NA,3.5.0
seqinr,/Users/jenny/resources/R/library,3.4-5,NA,3.5.0
seriation,/Users/jenny/resources/R/library,1.2-3,NA,3.5.0
servr,/Users/jenny/resources/R/library,0.10,NA,3.5.0
sessioninfo,/Users/jenny/resources/R/library,1.0.1.9000,NA,3.5.1
setRNG,/Users/jenny/resources/R/library,2013.9-1,NA,3.5.0
sets,/Users/jenny/resources/R/library,1.0-18,NA,3.5.0
sf,/Users/jenny/resources/R/library,0.6-3,NA,3.5.0
sfsmisc,/Users/jenny/resources/R/library,1.1-2,NA,3.5.0
sgeostat,/Users/jenny/resources/R/library,1.0-27,NA,3.5.0
shape,/Users/jenny/resources/R/library,1.4.4,NA,3.5.0
shapefiles,/Users/jenny/resources/R/library,0.7,NA,3.5.0
shapes,/Users/jenny/resources/R/library,1.2.3,NA,3.5.0
shiny,/Users/jenny/resources/R/library,1.1.0,NA,3.5.0
shinyAce,/Users/jenny/resources/R/library,0.3.1,NA,3.5.0
shinyBS,/Users/jenny/resources/R/library,0.61,NA,3.5.0
shinycssloaders,/Users/jenny/resources/R/library,0.2.0,NA,3.5.0
shinydashboard,/Users/jenny/resources/R/library,0.7.0,NA,3.5.0
shinyjs,/Users/jenny/resources/R/library,1.0,NA,3.5.0
shinystan,/Users/jenny/resources/R/library,2.5.0,NA,3.5.0
shinythemes,/Users/jenny/resources/R/library,1.1.1,NA,3.5.0
showtext,/Users/jenny/resources/R/library,0.5-1,NA,3.5.0
showtextdb,/Users/jenny/resources/R/library,2.0,NA,3.5.0
shrink,/Users/jenny/resources/R/library,1.2.1,NA,3.5.0
signal,/Users/jenny/resources/R/library,0.7-6,NA,3.5.0
SimComp,/Users/jenny/resources/R/library,3.2,NA,3.5.0
simputation,/Users/jenny/resources/R/library,0.2.2,NA,3.5.0
sirad,/Users/jenny/resources/R/library,2.3-3,NA,3.5.0
sirt,/Users/jenny/resources/R/library,2.6-9,NA,3.5.0
SkewHyperbolic,/Users/jenny/resources/R/library,0.3-2,NA,3.5.0
slackr,/Users/jenny/resources/R/library,1.4.2,NA,3.5.0
slam,/Users/jenny/resources/R/library,0.1-43,NA,3.5.0
Sleuth2,/Users/jenny/resources/R/library,2.0-4,NA,3.5.0
sloop,/Users/jenny/resources/R/library,0.0.0.9000,NA,3.5.0
sm,/Users/jenny/resources/R/library,2.2-5.5,NA,3.5.0
smacof,/Users/jenny/resources/R/library,1.10-8,NA,3.5.0
smoothSurv,/Users/jenny/resources/R/library,2.0,NA,3.5.0
SMPracticals,/Users/jenny/resources/R/library,1.4-2,NA,3.5.0
sn,/Users/jenny/resources/R/library,1.5-2,NA,3.5.0
sna,/Users/jenny/resources/R/library,2.4,NA,3.5.0
snakecase,/Users/jenny/resources/R/library,0.9.1,NA,3.5.0
snow,/Users/jenny/resources/R/library,0.4-2,NA,3.5.0
SnowballC,/Users/jenny/resources/R/library,0.5.1,NA,3.5.0
snowfall,/Users/jenny/resources/R/library,1.84-6.1,NA,3.5.0
sodium,/Users/jenny/resources/R/library,1.1,NA,3.5.0
soiltexture,/Users/jenny/resources/R/library,1.4.6,NA,3.5.0
solrium,/Users/jenny/resources/R/library,1.0.0,NA,3.5.0
som,/Users/jenny/resources/R/library,0.3-5.1,NA,3.5.0
sourcetools,/Users/jenny/resources/R/library,0.1.7,NA,3.5.0
sp,/Users/jenny/resources/R/library,1.3-1,NA,3.5.0
spacetime,/Users/jenny/resources/R/library,1.2-1,NA,3.5.0
spacyr,/Users/jenny/resources/R/library,0.9.9,NA,3.5.0
spam,/Users/jenny/resources/R/library,2.2-0,NA,3.5.0
sparseLDA,/Users/jenny/resources/R/library,0.1-9,NA,3.5.0
SparseM,/Users/jenny/resources/R/library,1.77,NA,3.5.0
sparseMVN,/Users/jenny/resources/R/library,0.2.1.1,NA,3.5.0
SpatialEpi,/Users/jenny/resources/R/library,1.2.3,NA,3.5.0
spatstat,/Users/jenny/resources/R/library,1.56-0,NA,3.5.0
spatstat.data,/Users/jenny/resources/R/library,1.3-1,NA,3.5.0
spatstat.utils,/Users/jenny/resources/R/library,1.8-2,NA,3.5.0
spbabel,/Users/jenny/resources/R/library,0.4.8,NA,3.5.0
spd,/Users/jenny/resources/R/library,2.0-1,NA,3.5.0
spData,/Users/jenny/resources/R/library,0.2.9.0,NA,3.5.0
spdep,/Users/jenny/resources/R/library,0.7-7,NA,3.5.0
spectrolab,/Users/jenny/resources/R/library,0.0.6,NA,3.5.0
speedglm,/Users/jenny/resources/R/library,0.3-2,NA,3.5.0
spelling,/Users/jenny/resources/R/library,1.2,NA,3.5.0
splancs,/Users/jenny/resources/R/library,2.01-40,NA,3.5.0
splus2R,/Users/jenny/resources/R/library,1.2-2,NA,3.5.0
spMaps,/Users/jenny/resources/R/library,0.3,NA,3.5.0
sqldf,/Users/jenny/resources/R/library,0.4-11,NA,3.5.0
SQUAREM,/Users/jenny/resources/R/library,2017.10-1,NA,3.5.0
ssanv,/Users/jenny/resources/R/library,1.1,NA,3.5.0
st,/Users/jenny/resources/R/library,1.2.5,NA,3.5.0
stabledist,/Users/jenny/resources/R/library,0.7-1,NA,3.5.0
stabs,/Users/jenny/resources/R/library,0.6-3,NA,3.5.0
StanHeaders,/Users/jenny/resources/R/library,2.17.2,NA,3.5.0
statmod,/Users/jenny/resources/R/library,1.4.30,NA,3.5.0
statnet,/Users/jenny/resources/R/library,2016.9,NA,3.5.0
statnet.common,/Users/jenny/resources/R/library,4.1.4,NA,3.5.0
stdReg,/Users/jenny/resources/R/library,3.0.0,NA,3.5.0
stm,/Users/jenny/resources/R/library,1.3.3,NA,3.5.0
stopwords,/Users/jenny/resources/R/library,0.9.0,NA,3.5.0
storr,/Users/jenny/resources/R/library,1.2.0,NA,3.5.0
stringdist,/Users/jenny/resources/R/library,0.9.5.1,NA,3.5.0
stringi,/Users/jenny/resources/R/library,1.2.4,NA,3.5.1
stringr,/Users/jenny/resources/R/library,1.3.1,NA,3.5.0
strucchange,/Users/jenny/resources/R/library,1.5-1,NA,3.5.0
styler,/Users/jenny/resources/R/library,1.0.2,NA,3.5.0
subplex,/Users/jenny/resources/R/library,1.5-4,NA,3.5.0
SuppDists,/Users/jenny/resources/R/library,1.1-9.4,NA,3.5.0
survey,/Users/jenny/resources/R/library,3.33-2,NA,3.5.0
svd,/Users/jenny/resources/R/library,0.4.1,NA,3.5.0
svglite,/Users/jenny/resources/R/library,1.2.1,NA,3.5.0
svUnit,/Users/jenny/resources/R/library,0.7-12,NA,3.5.0
sweep,/Users/jenny/resources/R/library,0.2.1,NA,3.5.0
sybil,/Users/jenny/resources/R/library,2.1.1,NA,3.5.0
symbols,/Users/jenny/resources/R/library,1.1,NA,3.5.0
symDMatrix,/Users/jenny/resources/R/library,1.0.0,NA,3.5.0
sys,/Users/jenny/resources/R/library,1.5,NA,3.5.0
sysfonts,/Users/jenny/resources/R/library,0.7.2,NA,3.5.0
systemfit,/Users/jenny/resources/R/library,1.1-22,NA,3.5.0
tables,/Users/jenny/resources/R/library,0.8.4,NA,3.5.0
TAM,/Users/jenny/resources/R/library,2.12-18,NA,3.5.0
taxize,/Users/jenny/resources/R/library,0.9.3,NA,3.5.0
tcltk2,/Users/jenny/resources/R/library,1.2-11,NA,3.5.0
TeachingDemos,/Users/jenny/resources/R/library,2.10,NA,3.5.0
tensor,/Users/jenny/resources/R/library,1.5,NA,3.5.0
tensorA,/Users/jenny/resources/R/library,0.36,NA,3.5.0
tergm,/Users/jenny/resources/R/library,3.4.1,NA,3.5.0
testit,/Users/jenny/resources/R/library,0.8,NA,3.5.0
testthat,/Users/jenny/resources/R/library,2.0.0,NA,3.5.0
texreg,/Users/jenny/resources/R/library,1.36.23,NA,3.5.0
TH.data,/Users/jenny/resources/R/library,1.0-8,NA,3.5.0
threejs,/Users/jenny/resources/R/library,0.3.1,NA,3.5.0
tibble,/Users/jenny/resources/R/library,1.4.99.9004,NA,3.5.1
tibbletime,/Users/jenny/resources/R/library,0.1.1,NA,3.5.0
tidyr,/Users/jenny/resources/R/library,0.8.1,NA,3.5.0
tidyselect,/Users/jenny/resources/R/library,0.2.4,NA,3.5.0
tidytemplate,/Users/jenny/resources/R/library,0.0.0.9000,NA,3.5.1
tidytext,/Users/jenny/resources/R/library,0.1.9,NA,3.5.0
tidythis,/Users/jenny/resources/R/library,0.0.0.9000,NA,3.5.1
tidyverse,/Users/jenny/resources/R/library,1.2.1,NA,3.5.0
tiff,/Users/jenny/resources/R/library,0.1-5,NA,3.5.0
tikzDevice,/Users/jenny/resources/R/library,0.11,NA,3.5.0
timeDate,/Users/jenny/resources/R/library,3043.102,NA,3.5.0
timereg,/Users/jenny/resources/R/library,1.9.2,NA,3.5.0
timeSeries,/Users/jenny/resources/R/library,3042.102,NA,3.5.0
timetk,/Users/jenny/resources/R/library,0.1.1,NA,3.5.0
tinytex,/Users/jenny/resources/R/library,0.8,NA,3.5.0
tis,/Users/jenny/resources/R/library,1.34,NA,3.5.0
tkrplot,/Users/jenny/resources/R/library,0.0-23,NA,3.5.0
tm,/Users/jenny/resources/R/library,0.7-4,NA,3.5.0
tmap,/Users/jenny/resources/R/library,1.11-2,NA,3.5.0
tmaptools,/Users/jenny/resources/R/library,1.2-4,NA,3.5.0
TMB,/Users/jenny/resources/R/library,1.7.14,NA,3.5.0
tmvtnorm,/Users/jenny/resources/R/library,1.4-10,NA,3.5.0
tnam,/Users/jenny/resources/R/library,1.6.5,NA,3.5.0
tnet,/Users/jenny/resources/R/library,3.0.14,NA,3.5.0
tokenizers,/Users/jenny/resources/R/library,0.2.1,NA,3.5.0
toOrdinal,/Users/jenny/resources/R/library,1.0-0.0,NA,3.5.0
topicmodels,/Users/jenny/resources/R/library,0.2-7,NA,3.5.0
TrackReconstruction,/Users/jenny/resources/R/library,1.1,NA,3.5.0
tree,/Users/jenny/resources/R/library,1.0-39,NA,3.5.0
treeClust,/Users/jenny/resources/R/library,1.1-7,NA,3.5.0
treemap,/Users/jenny/resources/R/library,2.4-2,NA,3.5.0
trend,/Users/jenny/resources/R/library,1.1.0,NA,3.5.0
triangle,/Users/jenny/resources/R/library,0.11,NA,3.5.0
triebeard,/Users/jenny/resources/R/library,0.3.0,NA,3.5.0
trimcluster,/Users/jenny/resources/R/library,0.1-2,NA,3.5.0
tripack,/Users/jenny/resources/R/library,1.3-8,NA,3.5.0
truncdist,/Users/jenny/resources/R/library,1.0-2,NA,3.5.0
truncnorm,/Users/jenny/resources/R/library,1.0-8,NA,3.5.0
truncreg,/Users/jenny/resources/R/library,0.2-4,NA,3.5.0
trust,/Users/jenny/resources/R/library,0.1-7,NA,3.5.0
TSA,/Users/jenny/resources/R/library,1.01,NA,3.5.0
tseries,/Users/jenny/resources/R/library,0.10-45,NA,3.5.0
tsibble,/Users/jenny/resources/R/library,0.5.2,NA,3.5.1
tsna,/Users/jenny/resources/R/library,0.2.0,NA,3.5.0
TSP,/Users/jenny/resources/R/library,1.1-6,NA,3.5.0
TTR,/Users/jenny/resources/R/library,0.23-3,NA,3.5.0
tufte,/Users/jenny/resources/R/library,0.3,NA,3.5.0
tuneR,/Users/jenny/resources/R/library,1.3.2,NA,3.5.0
turboEM,/Users/jenny/resources/R/library,2018.1,NA,3.5.0
tweedie,/Users/jenny/resources/R/library,2.3.2,NA,3.5.0
tweenr,/Users/jenny/resources/R/library,0.1.5,NA,3.5.0
twitteR,/Users/jenny/resources/R/library,1.1.9,NA,3.5.0
ucminf,/Users/jenny/resources/R/library,1.1-4,NA,3.5.0
udapi,/Users/jenny/resources/R/library,0.1.1,NA,3.5.0
udunits2,/Users/jenny/resources/R/library,0.13,NA,3.5.0
Unicode,/Users/jenny/resources/R/library,10.0.0-1,NA,3.5.0
uniReg,/Users/jenny/resources/R/library,1.1,NA,3.5.0
units,/Users/jenny/resources/R/library,0.6-0,NA,3.5.0
unmarked,/Users/jenny/resources/R/library,0.12-2,NA,3.5.0
urca,/Users/jenny/resources/R/library,1.3-0,NA,3.5.0
urltools,/Users/jenny/resources/R/library,1.7.0,NA,3.5.0
uroot,/Users/jenny/resources/R/library,2.0-9,NA,3.5.0
usethis,/Users/jenny/resources/R/library,1.4.0.9000,NA,3.5.1
utf8,/Users/jenny/resources/R/library,1.1.4,NA,3.5.0
uuid,/Users/jenny/resources/R/library,0.1-2,NA,3.5.0
V8,/Users/jenny/resources/R/library,1.5,NA,3.5.0
variables,/Users/jenny/resources/R/library,1.0-0,NA,3.5.0
vars,/Users/jenny/resources/R/library,1.5-2,NA,3.5.0
vcd,/Users/jenny/resources/R/library,1.4-4,NA,3.5.0
vcdExtra,/Users/jenny/resources/R/library,0.7-1,NA,3.5.0
vcfR,/Users/jenny/resources/R/library,1.8.0,NA,3.5.0
vegan,/Users/jenny/resources/R/library,2.5-2,NA,3.5.0
vegan3d,/Users/jenny/resources/R/library,1.1-1,NA,3.5.0
VennDiagram,/Users/jenny/resources/R/library,1.6.20,NA,3.5.0
venneuler,/Users/jenny/resources/R/library,1.1-0,NA,3.5.0
versions,/Users/jenny/resources/R/library,0.3,NA,3.5.0
VGAM,/Users/jenny/resources/R/library,1.0-5,NA,3.5.0
VIM,/Users/jenny/resources/R/library,4.7.0,NA,3.5.0
VineCopula,/Users/jenny/resources/R/library,2.1.6,NA,3.5.0
vioplot,/Users/jenny/resources/R/library,0.2,NA,3.5.0
vipor,/Users/jenny/resources/R/library,0.4.5,NA,3.5.0
viridis,/Users/jenny/resources/R/library,0.5.1,NA,3.5.0
viridisLite,/Users/jenny/resources/R/library,0.3.0,NA,3.5.0
visdat,/Users/jenny/resources/R/library,0.1.0,NA,3.5.0
visNetwork,/Users/jenny/resources/R/library,2.0.4,NA,3.5.0
vrmlgen,/Users/jenny/resources/R/library,1.4.9,NA,3.5.0
waveslim,/Users/jenny/resources/R/library,1.7.5,NA,3.5.0
wavethresh,/Users/jenny/resources/R/library,4.6.8,NA,3.5.0
wbstats,/Users/jenny/resources/R/library,0.2,NA,3.5.0
webshot,/Users/jenny/resources/R/library,0.5.0,NA,3.5.0
weights,/Users/jenny/resources/R/library,0.90,NA,3.5.0
wellknown,/Users/jenny/resources/R/library,0.5.0,NA,3.5.0
wesanderson,/Users/jenny/resources/R/library,0.3.6,NA,3.5.0
whisker,/Users/jenny/resources/R/library,0.3-2,NA,3.5.0
whoami,/Users/jenny/resources/R/library,1.1.2,NA,3.5.0
WikidataR,/Users/jenny/resources/R/library,1.4.0,NA,3.5.0
WikipediR,/Users/jenny/resources/R/library,1.5.0,NA,3.5.0
wikitaxa,/Users/jenny/resources/R/library,0.2.0,NA,3.5.0
withr,/Users/jenny/resources/R/library,2.1.2,NA,3.5.0
wmtsa,/Users/jenny/resources/R/library,2.0-3,NA,3.5.0
wnominate,/Users/jenny/resources/R/library,1.2.5,NA,3.5.0
wordcloud,/Users/jenny/resources/R/library,2.5,NA,3.5.0
wordcloud2,/Users/jenny/resources/R/library,0.2.1,NA,3.5.0
wordcountaddin,/Users/jenny/resources/R/library,0.2.0,NA,3.5.0
worrms,/Users/jenny/resources/R/library,0.2.8,NA,3.5.0
wpp2012,/Users/jenny/resources/R/library,2.2-1,NA,3.5.0
wpp2015,/Users/jenny/resources/R/library,1.1-0,NA,3.5.0
wpp2017,/Users/jenny/resources/R/library,1.2-0,NA,3.5.0
writexl,/Users/jenny/resources/R/library,1.0,NA,3.5.0
WriteXLS,/Users/jenny/resources/R/library,4.0.0,NA,3.5.0
x13binary,/Users/jenny/resources/R/library,1.1.39-1,NA,3.5.0
xergm,/Users/jenny/resources/R/library,1.8.2,NA,3.5.0
xergm.common,/Users/jenny/resources/R/library,1.7.7,NA,3.5.0
xfun,/Users/jenny/resources/R/library,0.3,NA,3.5.0
xgboost,/Users/jenny/resources/R/library,0.71.2,NA,3.5.0
xkcd,/Users/jenny/resources/R/library,0.0.5,NA,3.5.0
XLConnect,/Users/jenny/resources/R/library,0.2-15,NA,3.5.0
XLConnectJars,/Users/jenny/resources/R/library,0.2-15,NA,3.5.0
xlsx,/Users/jenny/resources/R/library,0.6.1,NA,3.5.0
xlsxjars,/Users/jenny/resources/R/library,0.6.1,NA,3.5.0
XML,/Users/jenny/resources/R/library,3.98-1.11,NA,3.5.0
xml2,/Users/jenny/resources/R/library,1.2.0,NA,3.5.0
xmlparsedata,/Users/jenny/resources/R/library,1.0.1,NA,3.5.0
xopen,/Users/jenny/resources/R/library,1.0.0,NA,3.5.1
xtable,/Users/jenny/resources/R/library,1.8-2,NA,3.5.0
xts,/Users/jenny/resources/R/library,0.10-2,NA,3.5.0
yaImpute,/Users/jenny/resources/R/library,1.0-29,NA,3.5.0
yaml,/Users/jenny/resources/R/library,2.2.0,NA,3.5.1
yesno,/Users/jenny/resources/R/library,0.1.0,NA,3.5.0
zeallot,/Users/jenny/resources/R/library,0.1.0,NA,3.5.0
zip,/Users/jenny/resources/R/library,1.0.0,NA,3.5.0
zipcode,/Users/jenny/resources/R/library,1.0,NA,3.5.0
zoo,/Users/jenny/resources/R/library,1.8-2,NA,3.5.0
base,/Library/Frameworks/R.framework/Versions/3.5/Resources/library,3.5.1,base,3.5.1
boot,/Library/Frameworks/R.framework/Versions/3.5/Resources/library,1.3-20,recommended,3.5.1
class,/Library/Frameworks/R.framework/Versions/3.5/Resources/library,7.3-14,recommended,3.5.1
cluster,/Library/Frameworks/R.framework/Versions/3.5/Resources/library,2.0.7-1,recommended,3.5.1
codetools,/Library/Frameworks/R.framework/Versions/3.5/Resources/library,0.2-15,recommended,3.5.1
compiler,/Library/Frameworks/R.framework/Versions/3.5/Resources/library,3.5.1,base,3.5.1
datasets,/Library/Frameworks/R.framework/Versions/3.5/Resources/library,3.5.1,base,3.5.1
foreign,/Library/Frameworks/R.framework/Versions/3.5/Resources/library,0.8-70,recommended,3.5.1
graphics,/Library/Frameworks/R.framework/Versions/3.5/Resources/library,3.5.1,base,3.5.1
grDevices,/Library/Frameworks/R.framework/Versions/3.5/Resources/library,3.5.1,base,3.5.1
grid,/Library/Frameworks/R.framework/Versions/3.5/Resources/library,3.5.1,base,3.5.1
KernSmooth,/Library/Frameworks/R.framework/Versions/3.5/Resources/library,2.23-15,recommended,3.5.1
lattice,/Library/Frameworks/R.framework/Versions/3.5/Resources/library,0.20-35,recommended,3.5.1
MASS,/Library/Frameworks/R.framework/Versions/3.5/Resources/library,7.3-50,recommended,3.5.1
Matrix,/Library/Frameworks/R.framework/Versions/3.5/Resources/library,1.2-14,recommended,3.5.1
methods,/Library/Frameworks/R.framework/Versions/3.5/Resources/library,3.5.1,base,3.5.1
mgcv,/Library/Frameworks/R.framework/Versions/3.5/Resources/library,1.8-24,recommended,3.5.1
nlme,/Library/Frameworks/R.framework/Versions/3.5/Resources/library,3.1-137,recommended,3.5.1
nnet,/Library/Frameworks/R.framework/Versions/3.5/Resources/library,7.3-12,recommended,3.5.1
parallel,/Library/Frameworks/R.framework/Versions/3.5/Resources/library,3.5.1,base,3.5.1
rpart,/Library/Frameworks/R.framework/Versions/3.5/Resources/library,4.1-13,recommended,3.5.1
spatial,/Library/Frameworks/R.framework/Versions/3.5/Resources/library,7.3-11,recommended,3.5.1
splines,/Library/Frameworks/R.framework/Versions/3.5/Resources/library,3.5.1,base,3.5.1
stats,/Library/Frameworks/R.framework/Versions/3.5/Resources/library,3.5.1,base,3.5.1
stats4,/Library/Frameworks/R.framework/Versions/3.5/Resources/library,3.5.1,base,3.5.1
survival,/Library/Frameworks/R.framework/Versions/3.5/Resources/library,2.42-3,recommended,3.5.1
tcltk,/Library/Frameworks/R.framework/Versions/3.5/Resources/library,3.5.1,base,3.5.1
tools,/Library/Frameworks/R.framework/Versions/3.5/Resources/library,3.5.1,base,3.5.1
utils,/Library/Frameworks/R.framework/Versions/3.5/Resources/library,3.5.1,base,3.5.1
